--
-- PostgreSQL database dump
--

\restrict BnXyCILSjRhaB87Y6GPXbSk0chwBAgDEx0aQJN21mxqsy7ItH8cs83eYqCENXAi

-- Dumped from database version 18.1
-- Dumped by pg_dump version 18.1

-- Started on 2026-04-18 15:30:52 +07

SET statement_timeout = 0;
SET lock_timeout = 0;
SET idle_in_transaction_session_timeout = 0;
SET transaction_timeout = 0;
SET client_encoding = 'UTF8';
SET standard_conforming_strings = on;
SELECT pg_catalog.set_config('search_path', '', false);
SET check_function_bodies = false;
SET xmloption = content;
SET client_min_messages = warning;
SET row_security = off;

SET default_tablespace = '';

SET default_table_access_method = heap;

--
-- TOC entry 226 (class 1259 OID 17755)
-- Name: auth_group; Type: TABLE; Schema: public; Owner: postgres
--

CREATE TABLE public.auth_group (
    id integer NOT NULL,
    name character varying(150) NOT NULL
);


ALTER TABLE public.auth_group OWNER TO postgres;

--
-- TOC entry 225 (class 1259 OID 17754)
-- Name: auth_group_id_seq; Type: SEQUENCE; Schema: public; Owner: postgres
--

ALTER TABLE public.auth_group ALTER COLUMN id ADD GENERATED BY DEFAULT AS IDENTITY (
    SEQUENCE NAME public.auth_group_id_seq
    START WITH 1
    INCREMENT BY 1
    NO MINVALUE
    NO MAXVALUE
    CACHE 1
);


--
-- TOC entry 228 (class 1259 OID 17765)
-- Name: auth_group_permissions; Type: TABLE; Schema: public; Owner: postgres
--

CREATE TABLE public.auth_group_permissions (
    id bigint NOT NULL,
    group_id integer NOT NULL,
    permission_id integer NOT NULL
);


ALTER TABLE public.auth_group_permissions OWNER TO postgres;

--
-- TOC entry 227 (class 1259 OID 17764)
-- Name: auth_group_permissions_id_seq; Type: SEQUENCE; Schema: public; Owner: postgres
--

ALTER TABLE public.auth_group_permissions ALTER COLUMN id ADD GENERATED BY DEFAULT AS IDENTITY (
    SEQUENCE NAME public.auth_group_permissions_id_seq
    START WITH 1
    INCREMENT BY 1
    NO MINVALUE
    NO MAXVALUE
    CACHE 1
);


--
-- TOC entry 224 (class 1259 OID 17745)
-- Name: auth_permission; Type: TABLE; Schema: public; Owner: postgres
--

CREATE TABLE public.auth_permission (
    id integer NOT NULL,
    name character varying(255) NOT NULL,
    content_type_id integer NOT NULL,
    codename character varying(100) NOT NULL
);


ALTER TABLE public.auth_permission OWNER TO postgres;

--
-- TOC entry 223 (class 1259 OID 17744)
-- Name: auth_permission_id_seq; Type: SEQUENCE; Schema: public; Owner: postgres
--

ALTER TABLE public.auth_permission ALTER COLUMN id ADD GENERATED BY DEFAULT AS IDENTITY (
    SEQUENCE NAME public.auth_permission_id_seq
    START WITH 1
    INCREMENT BY 1
    NO MINVALUE
    NO MAXVALUE
    CACHE 1
);


--
-- TOC entry 230 (class 1259 OID 17774)
-- Name: auth_user; Type: TABLE; Schema: public; Owner: postgres
--

CREATE TABLE public.auth_user (
    id integer NOT NULL,
    password character varying(128) NOT NULL,
    last_login timestamp with time zone,
    is_superuser boolean NOT NULL,
    username character varying(150) NOT NULL,
    first_name character varying(150) NOT NULL,
    last_name character varying(150) NOT NULL,
    email character varying(254) NOT NULL,
    is_staff boolean NOT NULL,
    is_active boolean NOT NULL,
    date_joined timestamp with time zone NOT NULL
);


ALTER TABLE public.auth_user OWNER TO postgres;

--
-- TOC entry 232 (class 1259 OID 17793)
-- Name: auth_user_groups; Type: TABLE; Schema: public; Owner: postgres
--

CREATE TABLE public.auth_user_groups (
    id bigint NOT NULL,
    user_id integer NOT NULL,
    group_id integer NOT NULL
);


ALTER TABLE public.auth_user_groups OWNER TO postgres;

--
-- TOC entry 231 (class 1259 OID 17792)
-- Name: auth_user_groups_id_seq; Type: SEQUENCE; Schema: public; Owner: postgres
--

ALTER TABLE public.auth_user_groups ALTER COLUMN id ADD GENERATED BY DEFAULT AS IDENTITY (
    SEQUENCE NAME public.auth_user_groups_id_seq
    START WITH 1
    INCREMENT BY 1
    NO MINVALUE
    NO MAXVALUE
    CACHE 1
);


--
-- TOC entry 229 (class 1259 OID 17773)
-- Name: auth_user_id_seq; Type: SEQUENCE; Schema: public; Owner: postgres
--

ALTER TABLE public.auth_user ALTER COLUMN id ADD GENERATED BY DEFAULT AS IDENTITY (
    SEQUENCE NAME public.auth_user_id_seq
    START WITH 1
    INCREMENT BY 1
    NO MINVALUE
    NO MAXVALUE
    CACHE 1
);


--
-- TOC entry 234 (class 1259 OID 17802)
-- Name: auth_user_user_permissions; Type: TABLE; Schema: public; Owner: postgres
--

CREATE TABLE public.auth_user_user_permissions (
    id bigint NOT NULL,
    user_id integer NOT NULL,
    permission_id integer NOT NULL
);


ALTER TABLE public.auth_user_user_permissions OWNER TO postgres;

--
-- TOC entry 233 (class 1259 OID 17801)
-- Name: auth_user_user_permissions_id_seq; Type: SEQUENCE; Schema: public; Owner: postgres
--

ALTER TABLE public.auth_user_user_permissions ALTER COLUMN id ADD GENERATED BY DEFAULT AS IDENTITY (
    SEQUENCE NAME public.auth_user_user_permissions_id_seq
    START WITH 1
    INCREMENT BY 1
    NO MINVALUE
    NO MAXVALUE
    CACHE 1
);


--
-- TOC entry 236 (class 1259 OID 17863)
-- Name: django_admin_log; Type: TABLE; Schema: public; Owner: postgres
--

CREATE TABLE public.django_admin_log (
    id integer NOT NULL,
    action_time timestamp with time zone NOT NULL,
    object_id text,
    object_repr character varying(200) NOT NULL,
    action_flag smallint NOT NULL,
    change_message text NOT NULL,
    content_type_id integer,
    user_id integer NOT NULL,
    CONSTRAINT django_admin_log_action_flag_check CHECK ((action_flag >= 0))
);


ALTER TABLE public.django_admin_log OWNER TO postgres;

--
-- TOC entry 235 (class 1259 OID 17862)
-- Name: django_admin_log_id_seq; Type: SEQUENCE; Schema: public; Owner: postgres
--

ALTER TABLE public.django_admin_log ALTER COLUMN id ADD GENERATED BY DEFAULT AS IDENTITY (
    SEQUENCE NAME public.django_admin_log_id_seq
    START WITH 1
    INCREMENT BY 1
    NO MINVALUE
    NO MAXVALUE
    CACHE 1
);


--
-- TOC entry 222 (class 1259 OID 17733)
-- Name: django_content_type; Type: TABLE; Schema: public; Owner: postgres
--

CREATE TABLE public.django_content_type (
    id integer NOT NULL,
    app_label character varying(100) NOT NULL,
    model character varying(100) NOT NULL
);


ALTER TABLE public.django_content_type OWNER TO postgres;

--
-- TOC entry 221 (class 1259 OID 17732)
-- Name: django_content_type_id_seq; Type: SEQUENCE; Schema: public; Owner: postgres
--

ALTER TABLE public.django_content_type ALTER COLUMN id ADD GENERATED BY DEFAULT AS IDENTITY (
    SEQUENCE NAME public.django_content_type_id_seq
    START WITH 1
    INCREMENT BY 1
    NO MINVALUE
    NO MAXVALUE
    CACHE 1
);


--
-- TOC entry 220 (class 1259 OID 17721)
-- Name: django_migrations; Type: TABLE; Schema: public; Owner: postgres
--

CREATE TABLE public.django_migrations (
    id bigint NOT NULL,
    app character varying(255) NOT NULL,
    name character varying(255) NOT NULL,
    applied timestamp with time zone NOT NULL
);


ALTER TABLE public.django_migrations OWNER TO postgres;

--
-- TOC entry 219 (class 1259 OID 17720)
-- Name: django_migrations_id_seq; Type: SEQUENCE; Schema: public; Owner: postgres
--

ALTER TABLE public.django_migrations ALTER COLUMN id ADD GENERATED BY DEFAULT AS IDENTITY (
    SEQUENCE NAME public.django_migrations_id_seq
    START WITH 1
    INCREMENT BY 1
    NO MINVALUE
    NO MAXVALUE
    CACHE 1
);


--
-- TOC entry 237 (class 1259 OID 17903)
-- Name: django_session; Type: TABLE; Schema: public; Owner: postgres
--

CREATE TABLE public.django_session (
    session_key character varying(40) NOT NULL,
    session_data text NOT NULL,
    expire_date timestamp with time zone NOT NULL
);


ALTER TABLE public.django_session OWNER TO postgres;

--
-- TOC entry 243 (class 1259 OID 17946)
-- Name: store_booking; Type: TABLE; Schema: public; Owner: postgres
--

CREATE TABLE public.store_booking (
    id bigint NOT NULL,
    customer_name character varying(100) NOT NULL,
    phone character varying(20) NOT NULL,
    booking_date timestamp with time zone NOT NULL,
    note text,
    status character varying(20) NOT NULL,
    created_at timestamp with time zone NOT NULL,
    product_id bigint NOT NULL
);


ALTER TABLE public.store_booking OWNER TO postgres;

--
-- TOC entry 242 (class 1259 OID 17945)
-- Name: store_booking_id_seq; Type: SEQUENCE; Schema: public; Owner: postgres
--

ALTER TABLE public.store_booking ALTER COLUMN id ADD GENERATED BY DEFAULT AS IDENTITY (
    SEQUENCE NAME public.store_booking_id_seq
    START WITH 1
    INCREMENT BY 1
    NO MINVALUE
    NO MAXVALUE
    CACHE 1
);


--
-- TOC entry 241 (class 1259 OID 17930)
-- Name: store_product; Type: TABLE; Schema: public; Owner: postgres
--

CREATE TABLE public.store_product (
    id bigint NOT NULL,
    name character varying(200) NOT NULL,
    price numeric(12,0) NOT NULL,
    image character varying(100),
    store_id bigint NOT NULL,
    description text,
    quantity integer NOT NULL,
    status character varying(20) NOT NULL
);


ALTER TABLE public.store_product OWNER TO postgres;

--
-- TOC entry 240 (class 1259 OID 17929)
-- Name: store_product_id_seq; Type: SEQUENCE; Schema: public; Owner: postgres
--

ALTER TABLE public.store_product ALTER COLUMN id ADD GENERATED BY DEFAULT AS IDENTITY (
    SEQUENCE NAME public.store_product_id_seq
    START WITH 1
    INCREMENT BY 1
    NO MINVALUE
    NO MAXVALUE
    CACHE 1
);


--
-- TOC entry 245 (class 1259 OID 17970)
-- Name: store_productimage; Type: TABLE; Schema: public; Owner: postgres
--

CREATE TABLE public.store_productimage (
    id bigint NOT NULL,
    image character varying(100) NOT NULL,
    product_id bigint NOT NULL
);


ALTER TABLE public.store_productimage OWNER TO postgres;

--
-- TOC entry 244 (class 1259 OID 17969)
-- Name: store_productimage_id_seq; Type: SEQUENCE; Schema: public; Owner: postgres
--

ALTER TABLE public.store_productimage ALTER COLUMN id ADD GENERATED BY DEFAULT AS IDENTITY (
    SEQUENCE NAME public.store_productimage_id_seq
    START WITH 1
    INCREMENT BY 1
    NO MINVALUE
    NO MAXVALUE
    CACHE 1
);


--
-- TOC entry 239 (class 1259 OID 17916)
-- Name: store_store; Type: TABLE; Schema: public; Owner: postgres
--

CREATE TABLE public.store_store (
    id bigint NOT NULL,
    name character varying(200) NOT NULL,
    address character varying(500) NOT NULL,
    phone character varying(20) NOT NULL,
    latitude double precision NOT NULL,
    longitude double precision NOT NULL,
    image character varying(100)
);


ALTER TABLE public.store_store OWNER TO postgres;

--
-- TOC entry 238 (class 1259 OID 17915)
-- Name: store_store_id_seq; Type: SEQUENCE; Schema: public; Owner: postgres
--

ALTER TABLE public.store_store ALTER COLUMN id ADD GENERATED BY DEFAULT AS IDENTITY (
    SEQUENCE NAME public.store_store_id_seq
    START WITH 1
    INCREMENT BY 1
    NO MINVALUE
    NO MAXVALUE
    CACHE 1
);


--
-- TOC entry 3959 (class 0 OID 17755)
-- Dependencies: 226
-- Data for Name: auth_group; Type: TABLE DATA; Schema: public; Owner: postgres
--

COPY public.auth_group (id, name) FROM stdin;
\.


--
-- TOC entry 3961 (class 0 OID 17765)
-- Dependencies: 228
-- Data for Name: auth_group_permissions; Type: TABLE DATA; Schema: public; Owner: postgres
--

COPY public.auth_group_permissions (id, group_id, permission_id) FROM stdin;
\.


--
-- TOC entry 3957 (class 0 OID 17745)
-- Dependencies: 224
-- Data for Name: auth_permission; Type: TABLE DATA; Schema: public; Owner: postgres
--

COPY public.auth_permission (id, name, content_type_id, codename) FROM stdin;
1	Can add log entry	1	add_logentry
2	Can change log entry	1	change_logentry
3	Can delete log entry	1	delete_logentry
4	Can view log entry	1	view_logentry
5	Can add permission	2	add_permission
6	Can change permission	2	change_permission
7	Can delete permission	2	delete_permission
8	Can view permission	2	view_permission
9	Can add group	3	add_group
10	Can change group	3	change_group
11	Can delete group	3	delete_group
12	Can view group	3	view_group
13	Can add user	4	add_user
14	Can change user	4	change_user
15	Can delete user	4	delete_user
16	Can view user	4	view_user
17	Can add content type	5	add_contenttype
18	Can change content type	5	change_contenttype
19	Can delete content type	5	delete_contenttype
20	Can view content type	5	view_contenttype
21	Can add session	6	add_session
22	Can change session	6	change_session
23	Can delete session	6	delete_session
24	Can view session	6	view_session
25	Can add store	7	add_store
26	Can change store	7	change_store
27	Can delete store	7	delete_store
28	Can view store	7	view_store
29	Can add product	8	add_product
30	Can change product	8	change_product
31	Can delete product	8	delete_product
32	Can view product	8	view_product
33	Can add booking	9	add_booking
34	Can change booking	9	change_booking
35	Can delete booking	9	delete_booking
36	Can view booking	9	view_booking
37	Can add product image	10	add_productimage
38	Can change product image	10	change_productimage
39	Can delete product image	10	delete_productimage
40	Can view product image	10	view_productimage
\.


--
-- TOC entry 3963 (class 0 OID 17774)
-- Dependencies: 230
-- Data for Name: auth_user; Type: TABLE DATA; Schema: public; Owner: postgres
--

COPY public.auth_user (id, password, last_login, is_superuser, username, first_name, last_name, email, is_staff, is_active, date_joined) FROM stdin;
1	pbkdf2_sha256$600000$6zd252XmfVntWVJerc9HT3$CGDEqIB7c9MdgQgf+Yrgsjq0qy0KHjT5K09I0sI8+eE=	\N	t	Trang@0306				t	t	2026-02-01 15:28:41.924869+07
6	pbkdf2_sha256$600000$Fzdqvp3HPRoKV4P4KUGKD3$+RHPFk2nxEQs1ldiTXy8F6sXLqh/L556he5UxaonJYc=	2026-03-30 12:39:48.328491+07	f	monta				f	t	2026-03-30 12:39:31.606243+07
4	pbkdf2_sha256$600000$6NzgApjVSLKuzza9YdMQSU$chwDTSOL6zt/4ryczBLMIf6VOu3uAQI9vcgDY6bp+cY=	2026-03-30 16:39:59.227673+07	f	pvynguyen205				f	t	2026-03-28 09:34:03.712514+07
5	pbkdf2_sha256$600000$EmNbEl1jx4cE6qAzLtxaG7$YdNZXOKVy1ydyXsXdElW5U36BYQbHDL0+hrAb//1cMw=	2026-04-16 18:18:42.646993+07	f	phthtrang				f	t	2026-03-29 18:55:09.878009+07
2	pbkdf2_sha256$600000$zS5AAC2Nd2SFTCPz3RDu5U$bdQarNMCBKzqTxxe0zFMvJhaC/TopN+f68B/FS11jfg=	2026-04-17 13:15:17.019877+07	t	doangis@2026				t	t	2026-02-01 15:33:15.665948+07
3	pbkdf2_sha256$600000$Pfc5A5a4wZyLErLbYeD6C6$TQxJE8WGqzcp6EZ1OA2+MSnPdxdXRQPCIDuB/ab8uzA=	2026-03-29 18:53:14.305648+07	f	Admin_2				t	t	2026-02-05 07:51:28+07
\.


--
-- TOC entry 3965 (class 0 OID 17793)
-- Dependencies: 232
-- Data for Name: auth_user_groups; Type: TABLE DATA; Schema: public; Owner: postgres
--

COPY public.auth_user_groups (id, user_id, group_id) FROM stdin;
\.


--
-- TOC entry 3967 (class 0 OID 17802)
-- Dependencies: 234
-- Data for Name: auth_user_user_permissions; Type: TABLE DATA; Schema: public; Owner: postgres
--

COPY public.auth_user_user_permissions (id, user_id, permission_id) FROM stdin;
\.


--
-- TOC entry 3969 (class 0 OID 17863)
-- Dependencies: 236
-- Data for Name: django_admin_log; Type: TABLE DATA; Schema: public; Owner: postgres
--

COPY public.django_admin_log (id, action_time, object_id, object_repr, action_flag, change_message, content_type_id, user_id) FROM stdin;
1	2026-02-01 15:36:56.71325+07	1	Phiêu Studio - Áo cưới	1	[{"added": {}}]	7	2
2	2026-02-01 15:37:50.579794+07	2	Kami Anna Studio - Chụp hình cưới đẹp HCM	1	[{"added": {}}]	7	2
3	2026-02-01 15:39:26.365087+07	3	Áo Cưới Phương Du(ANITA makeup)	1	[{"added": {}}]	7	2
4	2026-02-01 15:50:23.896341+07	1	Váy Cưới Công Chúa Đính Đá	1	[{"added": {}}]	8	2
5	2026-02-01 15:51:14.640351+07	1	Váy Cưới Công Chúa Đính Đá	2	[]	8	2
6	2026-02-01 16:02:31.859506+07	2	Váy cưới Ball Gown trễ vai, xếp tầng	1	[{"added": {}}]	8	2
7	2026-02-01 16:04:49.775752+07	3	Váy cưới tay dài ren, cổ cao	1	[{"added": {}}]	8	2
8	2026-02-01 16:07:21.299914+07	4	Váy đuôi cá đính lông vũ	1	[{"added": {}}]	8	2
9	2026-02-01 16:11:17.99419+07	5	Váy công chúa trễ vai đính lông vũ	1	[{"added": {}}]	8	2
10	2026-02-01 16:14:12.648171+07	6	Váy quây đính hoa nổi	1	[{"added": {}}]	8	2
11	2026-02-01 16:16:17.223482+07	7	Váy cúp ngực ren cao cấp	1	[{"added": {}}]	8	2
12	2026-02-01 16:23:19.007331+07	7	Váy cúp ngực ren cao cấp	2	[]	8	2
13	2026-02-01 16:25:54.539468+07	7	Váy cúp ngực ren cao cấp	2	[]	8	2
14	2026-02-01 16:31:19.649669+07	8	Váy đuôi cá phối tà phụ	1	[{"added": {}}]	8	2
15	2026-02-01 16:50:08.121981+07	9	Váy Cưới Công Chúa Ánh Kim	1	[{"added": {}}]	8	2
16	2026-02-01 16:51:40.002113+07	10	Váy Cưới Công Chúa Tay Dài Đính Đá	1	[{"added": {}}]	8	2
17	2026-02-01 16:53:11.040687+07	11	Váy cổ cao phong cách Hoàng gia	1	[{"added": {}}]	8	2
18	2026-02-01 16:55:18.539588+07	12	Váy Ren Cổ điển	1	[{"added": {}}]	8	2
19	2026-02-01 16:58:05.003786+07	13	Váy Mullet Hiện đại	1	[{"added": {}}]	8	2
20	2026-02-01 17:00:50.242117+07	14	Váy Công Chúa Xếp Nếp Nghệ Thuật	1	[{"added": {}}]	8	2
21	2026-02-01 17:04:34.331502+07	15	Váy Cúp ngực Kim sa Tối giản	1	[{"added": {}}]	8	2
22	2026-02-01 17:09:33.588203+07	16	Goddess of Moonlight	1	[{"added": {}}]	8	2
23	2026-02-02 13:13:52.632204+07	4	Maison de Orenji Wedding - Bridal	1	[{"added": {}}]	7	2
24	2026-02-02 13:19:10.004636+07	5	Helen Bridal	1	[{"added": {}}]	7	2
25	2026-02-02 13:47:20.146975+07	6	Tony Wedding - Chụp ảnh cưới đẹp Tân Phú	1	[{"added": {}}]	7	2
26	2026-02-02 13:49:13.363499+07	7	SONO Wedding	1	[{"added": {}}]	7	2
27	2026-02-02 13:51:35.413514+07	8	Sweet's Wedding	1	[{"added": {}}]	7	2
28	2026-02-03 08:52:49.331229+07	9	MAILOAN Bridal	1	[{"added": {}}]	7	2
29	2026-02-03 08:53:55.757338+07	10	Princess Bridal	1	[{"added": {}}]	7	2
30	2026-02-03 09:00:22.154428+07	11	Mê váy cưới	1	[{"added": {}}]	7	2
31	2026-02-03 09:05:08.031274+07	12	CiLove Bridal - Váy cưới nhập khẩu chất lượng	1	[{"added": {}}]	7	2
32	2026-02-03 09:06:37.762711+07	13	Tiệm áo cưới Ami	1	[{"added": {}}]	7	2
33	2026-02-03 09:08:22.3974+07	14	Calla Wedding	1	[{"added": {}}]	7	2
34	2026-02-03 09:09:54.446241+07	15	Qwedding	1	[{"added": {}}]	7	2
35	2026-02-03 09:11:22.90198+07	16	Luu bridal	1	[{"added": {}}]	7	2
36	2026-02-03 09:34:45.593482+07	17	KHÁNH NGỌC Wedding	1	[{"added": {}}]	7	2
37	2026-02-03 09:36:01.151857+07	18	Son Studio - 331 Cộng Hoà	1	[{"added": {}}]	7	2
38	2026-02-03 09:39:13.851237+07	19	Tiệm Váy Cưới HCM	1	[{"added": {}}]	7	2
39	2026-02-03 09:40:44.97834+07	20	Áo cưới Omni	1	[{"added": {}}]	7	2
40	2026-02-03 09:40:57.517669+07	20	Áo cưới Omni	2	[]	7	2
41	2026-02-03 09:43:14.159513+07	21	Chụp hình Gia đình - Qbridal Studio	1	[{"added": {}}]	7	2
42	2026-02-03 09:47:56.765182+07	22	Studio áo cưới Hoàng Linh	1	[{"added": {}}]	7	2
43	2026-02-03 10:01:33.85711+07	23	Ngan Vo Studio	1	[{"added": {}}]	7	2
44	2026-02-03 10:05:25.475785+07	24	Áo cưới Queen Studio	1	[{"added": {}}]	7	2
45	2026-02-03 10:11:47.400107+07	25	2Q Studio - Váy cưới Gò Vấp	1	[{"added": {}}]	7	2
46	2026-02-03 10:17:24.798969+07	26	SoHee Wedding Gò Vấp	1	[{"added": {}}]	7	2
47	2026-02-03 10:29:40.609013+07	27	Mây Wedding (CN Gò Vấp)	1	[{"added": {}}]	7	2
48	2026-02-03 10:40:19.958008+07	28	Áo cưới the view	1	[{"added": {}}]	7	2
49	2026-02-03 10:43:07.493387+07	29	Công ty Áo Cưới Thiên Đường	1	[{"added": {}}]	7	2
50	2026-02-03 10:44:23.59503+07	30	REN Bridal	1	[{"added": {}}]	7	2
51	2026-02-03 10:45:52.12487+07	31	Ahihi Studio	1	[{"added": {}}]	7	2
52	2026-02-03 10:48:18.275703+07	32	CEM Bridal Studio	1	[{"added": {}}]	7	2
53	2026-02-03 10:51:08.489947+07	33	Kim Couture	1	[{"added": {}}]	7	2
54	2026-02-03 10:54:27.61527+07	34	Bridal Corner Studio	1	[{"added": {}}]	7	2
55	2026-02-03 10:56:18.694827+07	35	Hanah Bridal - Chuyên may và cho thuê áo cưới, áo dài cưới	1	[{"added": {}}]	7	2
56	2026-02-04 09:49:04.743343+07	36	IDY WEDDING	1	[{"added": {}}]	7	2
57	2026-02-04 09:55:01.695947+07	37	Váy cưới Quỳnh Anh	1	[{"added": {}}]	7	2
58	2026-02-04 09:56:37.695157+07	38	Cho thuê váy cưới - Lemi Bridal	1	[{"added": {}}]	7	2
59	2026-02-04 09:58:52.71071+07	39	Omni Bridal (Chi Nhánh 2)	1	[{"added": {}}]	7	2
60	2026-02-04 10:01:43.741943+07	40	Phat Pro Studio	1	[{"added": {}}]	7	2
61	2026-02-04 10:04:58.956215+07	41	Bao Ny Nguyen Bridal	1	[{"added": {}}]	7	2
62	2026-02-04 10:08:31.269017+07	42	Sansan Bridal	1	[{"added": {}}]	7	2
63	2026-02-04 10:11:38.433598+07	43	May Váy Cưới C.H.I Bridal	1	[{"added": {}}]	7	2
64	2026-02-04 10:12:26.636049+07	44	Min Bridal	1	[{"added": {}}]	7	2
65	2026-02-04 10:14:31.082213+07	45	Mona Bridal	1	[{"added": {}}]	7	2
66	2026-02-04 10:15:35.297211+07	46	Mai's Choice Wedding	1	[{"added": {}}]	7	2
67	2026-02-04 10:16:35.016277+07	47	Nhiên Bridal	1	[{"added": {}}]	7	2
68	2026-02-04 10:18:48.334711+07	48	Luciola Bridal	1	[{"added": {}}]	7	2
69	2026-02-04 10:19:42.891172+07	48	Váy cưới Luciola Bridal	2	[{"changed": {"fields": ["T\\u00ean c\\u1eeda h\\u00e0ng"]}}]	7	2
70	2026-02-04 10:19:53.686007+07	43	Váy Cưới C.H.I Bridal	2	[{"changed": {"fields": ["T\\u00ean c\\u1eeda h\\u00e0ng"]}}]	7	2
71	2026-02-04 13:45:30.838197+07	1	Trần Mẫn Chi - Goddess of Moonlight (02:00 05/02)	2	[{"changed": {"fields": ["Tr\\u1ea1ng th\\u00e1i"]}}]	9	2
72	2026-02-04 13:45:41.867433+07	1	Trần Mẫn Chi - Goddess of Moonlight (02:00 05/02)	2	[{"changed": {"fields": ["Tr\\u1ea1ng th\\u00e1i"]}}]	9	2
73	2026-02-05 07:51:28.329332+07	3	Admin_2	1	[{"added": {}}]	4	2
74	2026-02-05 07:52:23.703105+07	3	Admin_2	2	[{"changed": {"fields": ["Staff status"]}}]	4	2
75	2026-02-05 07:59:19.135923+07	49	MARIE BRIDAL	1	[{"added": {}}]	7	2
76	2026-02-05 08:03:26.098792+07	50	Áo Cưới Kathy	1	[{"added": {}}]	7	2
194	2026-03-28 13:04:40.551761+07	46	Mai's Choice Wedding	2	[{"changed": {"fields": ["Image"]}}]	7	2
77	2026-02-05 12:52:33.3169+07	34	Royal Satin Minimalism (CiLove Bridal - Váy cưới nhập khẩu chất lượng)	1	[{"added": {}}, {"added": {"name": "product image", "object": "\\u1ea2nh c\\u1ee7a Royal Satin Minimalism"}}, {"added": {"name": "product image", "object": "\\u1ea2nh c\\u1ee7a Royal Satin Minimalism"}}, {"added": {"name": "product image", "object": "\\u1ea2nh c\\u1ee7a Royal Satin Minimalism"}}]	8	2
78	2026-02-05 12:53:21.153434+07	34	Royal Satin Minimalism (CiLove Bridal - Váy cưới nhập khẩu chất lượng)	2	[{"changed": {"fields": ["H\\u00ecnh \\u1ea3nh"]}}]	8	2
79	2026-02-05 13:00:37.205072+07	36	Váy cưới công chúa thêu hoa nổi cổ yếm (CiLove Bridal - Váy cưới nhập khẩu chất lượng)	1	[{"added": {}}, {"added": {"name": "product image", "object": "\\u1ea2nh c\\u1ee7a V\\u00e1y c\\u01b0\\u1edbi c\\u00f4ng ch\\u00faa th\\u00eau hoa n\\u1ed5i c\\u1ed5 y\\u1ebfm"}}, {"added": {"name": "product image", "object": "\\u1ea2nh c\\u1ee7a V\\u00e1y c\\u01b0\\u1edbi c\\u00f4ng ch\\u00faa th\\u00eau hoa n\\u1ed5i c\\u1ed5 y\\u1ebfm"}}]	8	2
80	2026-02-05 13:00:37.205483+07	35	Váy cưới công chúa thêu hoa nổi cổ yếm (CiLove Bridal - Váy cưới nhập khẩu chất lượng)	1	[{"added": {}}, {"added": {"name": "product image", "object": "\\u1ea2nh c\\u1ee7a V\\u00e1y c\\u01b0\\u1edbi c\\u00f4ng ch\\u00faa th\\u00eau hoa n\\u1ed5i c\\u1ed5 y\\u1ebfm"}}, {"added": {"name": "product image", "object": "\\u1ea2nh c\\u1ee7a V\\u00e1y c\\u01b0\\u1edbi c\\u00f4ng ch\\u00faa th\\u00eau hoa n\\u1ed5i c\\u1ed5 y\\u1ebfm"}}]	8	2
81	2026-02-05 13:03:39.840498+07	35	Váy cưới Fairy Tale Xòe Tầng (CiLove Bridal - Váy cưới nhập khẩu chất lượng)	2	[{"changed": {"fields": ["T\\u00ean v\\u00e1y", "Gi\\u00e1 thu\\u00ea", "H\\u00ecnh \\u1ea3nh", "M\\u00f4 t\\u1ea3 s\\u1ea3n ph\\u1ea9m"]}}, {"added": {"name": "product image", "object": "\\u1ea2nh c\\u1ee7a V\\u00e1y c\\u01b0\\u1edbi Fairy Tale X\\u00f2e T\\u1ea7ng"}}, {"changed": {"name": "product image", "object": "\\u1ea2nh c\\u1ee7a V\\u00e1y c\\u01b0\\u1edbi Fairy Tale X\\u00f2e T\\u1ea7ng", "fields": ["\\u1ea2nh chi ti\\u1ebft"]}}, {"changed": {"name": "product image", "object": "\\u1ea2nh c\\u1ee7a V\\u00e1y c\\u01b0\\u1edbi Fairy Tale X\\u00f2e T\\u1ea7ng", "fields": ["\\u1ea2nh chi ti\\u1ebft"]}}]	8	2
82	2026-02-05 21:49:15.3036+07	37	Váy công chúa xếp nếp nghệ thuật (Tiệm áo cưới Ami)	1	[{"added": {}}]	8	2
83	2026-02-05 21:49:15.309239+07	38	Váy công chúa xếp nếp nghệ thuật (Tiệm áo cưới Ami)	1	[{"added": {}}]	8	2
84	2026-02-05 21:49:54.891368+07	37	Váy công chúa xếp nếp nghệ thuật (Tiệm áo cưới Ami)	2	[{"changed": {"fields": ["H\\u00ecnh \\u1ea3nh"]}}, {"added": {"name": "product image", "object": "\\u1ea2nh c\\u1ee7a V\\u00e1y c\\u00f4ng ch\\u00faa x\\u1ebfp n\\u1ebfp ngh\\u1ec7 thu\\u1eadt"}}, {"added": {"name": "product image", "object": "\\u1ea2nh c\\u1ee7a V\\u00e1y c\\u00f4ng ch\\u00faa x\\u1ebfp n\\u1ebfp ngh\\u1ec7 thu\\u1eadt"}}, {"added": {"name": "product image", "object": "\\u1ea2nh c\\u1ee7a V\\u00e1y c\\u00f4ng ch\\u00faa x\\u1ebfp n\\u1ebfp ngh\\u1ec7 thu\\u1eadt"}}]	8	2
85	2026-02-05 21:50:22.257004+07	37	Váy công chúa xếp nếp nghệ thuật (Tiệm áo cưới Ami)	2	[{"changed": {"fields": ["H\\u00ecnh \\u1ea3nh"]}}]	8	2
86	2026-02-05 21:50:54.13584+07	38	Váy công chúa xếp nếp nghệ thuật (Tiệm áo cưới Ami)	3		8	2
87	2026-02-05 21:54:09.943359+07	39	Váy cưới công chúa tay dài ren trễ vai (Tiệm áo cưới Ami)	1	[{"added": {}}, {"added": {"name": "product image", "object": "\\u1ea2nh c\\u1ee7a V\\u00e1y c\\u01b0\\u1edbi c\\u00f4ng ch\\u00faa tay d\\u00e0i ren tr\\u1ec5 vai"}}, {"added": {"name": "product image", "object": "\\u1ea2nh c\\u1ee7a V\\u00e1y c\\u01b0\\u1edbi c\\u00f4ng ch\\u00faa tay d\\u00e0i ren tr\\u1ec5 vai"}}]	8	2
88	2026-02-05 21:58:47.449599+07	40	Váy cưới cổ yếm ren hoa Lavende (Tiệm áo cưới Ami)	1	[{"added": {}}, {"added": {"name": "product image", "object": "\\u1ea2nh c\\u1ee7a V\\u00e1y c\\u01b0\\u1edbi c\\u1ed5 y\\u1ebfm ren hoa Lavende"}}, {"added": {"name": "product image", "object": "\\u1ea2nh c\\u1ee7a V\\u00e1y c\\u01b0\\u1edbi c\\u1ed5 y\\u1ebfm ren hoa Lavende"}}, {"added": {"name": "product image", "object": "\\u1ea2nh c\\u1ee7a V\\u00e1y c\\u01b0\\u1edbi c\\u1ed5 y\\u1ebfm ren hoa Lavende"}}]	8	2
89	2026-02-05 22:02:52.491457+07	41	Váy cưới Thiên Nga (Calla Wedding)	1	[{"added": {}}]	8	2
90	2026-02-05 22:02:52.504301+07	42	Váy cưới Thiên Nga (Calla Wedding)	1	[{"added": {}}, {"added": {"name": "product image", "object": "\\u1ea2nh c\\u1ee7a V\\u00e1y c\\u01b0\\u1edbi Thi\\u00ean Nga"}}, {"added": {"name": "product image", "object": "\\u1ea2nh c\\u1ee7a V\\u00e1y c\\u01b0\\u1edbi Thi\\u00ean Nga"}}]	8	2
91	2026-02-05 22:06:00.107399+07	41	Váy cưới Ngọc Lan (Calla Wedding)	2	[{"changed": {"fields": ["T\\u00ean v\\u00e1y", "Gi\\u00e1 thu\\u00ea", "H\\u00ecnh \\u1ea3nh"]}}, {"added": {"name": "product image", "object": "\\u1ea2nh c\\u1ee7a V\\u00e1y c\\u01b0\\u1edbi Ng\\u1ecdc Lan"}}, {"added": {"name": "product image", "object": "\\u1ea2nh c\\u1ee7a V\\u00e1y c\\u01b0\\u1edbi Ng\\u1ecdc Lan"}}, {"added": {"name": "product image", "object": "\\u1ea2nh c\\u1ee7a V\\u00e1y c\\u01b0\\u1edbi Ng\\u1ecdc Lan"}}]	8	2
92	2026-02-05 22:06:46.035357+07	41	Váy cưới Ngọc Lan (Calla Wedding)	2	[{"changed": {"fields": ["M\\u00f4 t\\u1ea3 s\\u1ea3n ph\\u1ea9m"]}}]	8	2
93	2026-02-05 22:10:09.005254+07	43	Váy cưới công chúa voan tầng tinh khôi (Calla Wedding)	1	[{"added": {}}, {"added": {"name": "product image", "object": "\\u1ea2nh c\\u1ee7a V\\u00e1y c\\u01b0\\u1edbi c\\u00f4ng ch\\u00faa voan t\\u1ea7ng tinh kh\\u00f4i"}}, {"added": {"name": "product image", "object": "\\u1ea2nh c\\u1ee7a V\\u00e1y c\\u01b0\\u1edbi c\\u00f4ng ch\\u00faa voan t\\u1ea7ng tinh kh\\u00f4i"}}, {"added": {"name": "product image", "object": "\\u1ea2nh c\\u1ee7a V\\u00e1y c\\u01b0\\u1edbi c\\u00f4ng ch\\u00faa voan t\\u1ea7ng tinh kh\\u00f4i"}}]	8	2
94	2026-02-05 22:14:06.737911+07	44	Váy cưới đại xòe đính đá cao cấp (Luu bridal)	1	[{"added": {}}, {"added": {"name": "product image", "object": "\\u1ea2nh c\\u1ee7a V\\u00e1y c\\u01b0\\u1edbi \\u0111\\u1ea1i x\\u00f2e \\u0111\\u00ednh \\u0111\\u00e1 cao c\\u1ea5p"}}, {"added": {"name": "product image", "object": "\\u1ea2nh c\\u1ee7a V\\u00e1y c\\u01b0\\u1edbi \\u0111\\u1ea1i x\\u00f2e \\u0111\\u00ednh \\u0111\\u00e1 cao c\\u1ea5p"}}, {"added": {"name": "product image", "object": "\\u1ea2nh c\\u1ee7a V\\u00e1y c\\u01b0\\u1edbi \\u0111\\u1ea1i x\\u00f2e \\u0111\\u00ednh \\u0111\\u00e1 cao c\\u1ea5p"}}]	8	2
95	2026-02-05 22:16:46.785669+07	45	Váy cưới công chúa Satin Isabelle (Luu bridal)	1	[{"added": {}}, {"added": {"name": "product image", "object": "\\u1ea2nh c\\u1ee7a V\\u00e1y c\\u01b0\\u1edbi c\\u00f4ng ch\\u00faa Satin Isabelle"}}, {"added": {"name": "product image", "object": "\\u1ea2nh c\\u1ee7a V\\u00e1y c\\u01b0\\u1edbi c\\u00f4ng ch\\u00faa Satin Isabelle"}}]	8	2
96	2026-02-05 22:19:55.942548+07	46	Váy cúp ngực phủ ren họa tiết lá (Luu bridal)	1	[{"added": {}}]	8	2
97	2026-02-05 22:19:55.955756+07	47	Váy cúp ngực phủ ren họa tiết lá (Luu bridal)	1	[{"added": {}}, {"added": {"name": "product image", "object": "\\u1ea2nh c\\u1ee7a V\\u00e1y c\\u00fap ng\\u1ef1c ph\\u1ee7 ren h\\u1ecda ti\\u1ebft l\\u00e1"}}, {"added": {"name": "product image", "object": "\\u1ea2nh c\\u1ee7a V\\u00e1y c\\u00fap ng\\u1ef1c ph\\u1ee7 ren h\\u1ecda ti\\u1ebft l\\u00e1"}}, {"added": {"name": "product image", "object": "\\u1ea2nh c\\u1ee7a V\\u00e1y c\\u00fap ng\\u1ef1c ph\\u1ee7 ren h\\u1ecda ti\\u1ebft l\\u00e1"}}]	8	2
98	2026-02-05 22:20:39.158462+07	47	Váy cúp ngực phủ ren họa tiết lá (Luu bridal)	2	[{"changed": {"name": "product image", "object": "\\u1ea2nh c\\u1ee7a V\\u00e1y c\\u00fap ng\\u1ef1c ph\\u1ee7 ren h\\u1ecda ti\\u1ebft l\\u00e1", "fields": ["\\u1ea2nh chi ti\\u1ebft"]}}]	8	2
99	2026-02-05 22:21:11.053997+07	47	Váy cúp ngực phủ ren họa tiết lá (Luu bridal)	2	[{"changed": {"name": "product image", "object": "\\u1ea2nh c\\u1ee7a V\\u00e1y c\\u00fap ng\\u1ef1c ph\\u1ee7 ren h\\u1ecda ti\\u1ebft l\\u00e1", "fields": ["\\u1ea2nh chi ti\\u1ebft"]}}]	8	2
100	2026-02-05 22:28:31.765456+07	46	Váy cúp ngực phủ ren họa tiết lá (Luu bridal)	3		8	2
101	2026-02-05 22:33:50.705048+07	48	Váy cưới Urban Queen (Qwedding)	1	[{"added": {}}, {"added": {"name": "product image", "object": "\\u1ea2nh c\\u1ee7a V\\u00e1y c\\u01b0\\u1edbi Urban Queen"}}, {"added": {"name": "product image", "object": "\\u1ea2nh c\\u1ee7a V\\u00e1y c\\u01b0\\u1edbi Urban Queen"}}, {"added": {"name": "product image", "object": "\\u1ea2nh c\\u1ee7a V\\u00e1y c\\u01b0\\u1edbi Urban Queen"}}]	8	2
102	2026-02-05 22:37:52.21792+07	49	Váy cưới công chúa dáng đính đá pha lê (Qwedding)	1	[{"added": {}}, {"added": {"name": "product image", "object": "\\u1ea2nh c\\u1ee7a V\\u00e1y c\\u01b0\\u1edbi c\\u00f4ng ch\\u00faa d\\u00e1ng \\u0111\\u00ednh \\u0111\\u00e1 pha l\\u00ea"}}, {"added": {"name": "product image", "object": "\\u1ea2nh c\\u1ee7a V\\u00e1y c\\u01b0\\u1edbi c\\u00f4ng ch\\u00faa d\\u00e1ng \\u0111\\u00ednh \\u0111\\u00e1 pha l\\u00ea"}}, {"added": {"name": "product image", "object": "\\u1ea2nh c\\u1ee7a V\\u00e1y c\\u01b0\\u1edbi c\\u00f4ng ch\\u00faa d\\u00e1ng \\u0111\\u00ednh \\u0111\\u00e1 pha l\\u00ea"}}]	8	2
103	2026-02-05 22:38:56.432099+07	18	Váy cưới công chúa dáng đính đá pha lê lấp lánh (MAILOAN Bridal)	2	[{"changed": {"fields": ["T\\u00ean v\\u00e1y"]}}]	8	2
104	2026-02-05 22:47:12.281315+07	50	Váy cưới công chúa đính kim sa lấp lánh (Qwedding)	1	[{"added": {}}, {"added": {"name": "product image", "object": "\\u1ea2nh c\\u1ee7a V\\u00e1y c\\u01b0\\u1edbi c\\u00f4ng ch\\u00faa \\u0111\\u00ednh kim sa l\\u1ea5p l\\u00e1nh"}}, {"added": {"name": "product image", "object": "\\u1ea2nh c\\u1ee7a V\\u00e1y c\\u01b0\\u1edbi c\\u00f4ng ch\\u00faa \\u0111\\u00ednh kim sa l\\u1ea5p l\\u00e1nh"}}]	8	2
105	2026-02-05 22:47:12.288932+07	51	Váy cưới công chúa đính kim sa lấp lánh (Qwedding)	1	[{"added": {}}, {"added": {"name": "product image", "object": "\\u1ea2nh c\\u1ee7a V\\u00e1y c\\u01b0\\u1edbi c\\u00f4ng ch\\u00faa \\u0111\\u00ednh kim sa l\\u1ea5p l\\u00e1nh"}}, {"added": {"name": "product image", "object": "\\u1ea2nh c\\u1ee7a V\\u00e1y c\\u01b0\\u1edbi c\\u00f4ng ch\\u00faa \\u0111\\u00ednh kim sa l\\u1ea5p l\\u00e1nh"}}, {"added": {"name": "product image", "object": "\\u1ea2nh c\\u1ee7a V\\u00e1y c\\u01b0\\u1edbi c\\u00f4ng ch\\u00faa \\u0111\\u00ednh kim sa l\\u1ea5p l\\u00e1nh"}}]	8	2
106	2026-02-05 22:47:46.400641+07	49	Váy cưới công chúa dáng đính đá pha lê (Qwedding)	3		8	2
107	2026-02-05 22:48:17.780744+07	51	Váy cưới công chúa đính kim sa lấp lánh (Qwedding)	3		8	2
108	2026-02-05 22:49:39.265436+07	52	Váy cưới công chúa dáng đính đá pha lê (Qwedding)	1	[{"added": {}}, {"added": {"name": "product image", "object": "\\u1ea2nh c\\u1ee7a V\\u00e1y c\\u01b0\\u1edbi c\\u00f4ng ch\\u00faa d\\u00e1ng \\u0111\\u00ednh \\u0111\\u00e1 pha l\\u00ea"}}, {"added": {"name": "product image", "object": "\\u1ea2nh c\\u1ee7a V\\u00e1y c\\u01b0\\u1edbi c\\u00f4ng ch\\u00faa d\\u00e1ng \\u0111\\u00ednh \\u0111\\u00e1 pha l\\u00ea"}}, {"added": {"name": "product image", "object": "\\u1ea2nh c\\u1ee7a V\\u00e1y c\\u01b0\\u1edbi c\\u00f4ng ch\\u00faa d\\u00e1ng \\u0111\\u00ednh \\u0111\\u00e1 pha l\\u00ea"}}]	8	2
109	2026-02-05 22:54:36.197744+07	53	Váy cưới lụa trễ vai phối ren tay dài (KHÁNH NGỌC Wedding)	1	[{"added": {}}, {"added": {"name": "product image", "object": "\\u1ea2nh c\\u1ee7a V\\u00e1y c\\u01b0\\u1edbi l\\u1ee5a tr\\u1ec5 vai ph\\u1ed1i ren tay d\\u00e0i"}}, {"added": {"name": "product image", "object": "\\u1ea2nh c\\u1ee7a V\\u00e1y c\\u01b0\\u1edbi l\\u1ee5a tr\\u1ec5 vai ph\\u1ed1i ren tay d\\u00e0i"}}]	8	2
110	2026-02-05 23:05:59.19764+07	54	Váy cưới công chúa kim sa tay loe (KHÁNH NGỌC Wedding)	1	[{"added": {}}, {"added": {"name": "product image", "object": "\\u1ea2nh c\\u1ee7a V\\u00e1y c\\u01b0\\u1edbi c\\u00f4ng ch\\u00faa kim sa tay loe"}}, {"added": {"name": "product image", "object": "\\u1ea2nh c\\u1ee7a V\\u00e1y c\\u01b0\\u1edbi c\\u00f4ng ch\\u00faa kim sa tay loe"}}, {"added": {"name": "product image", "object": "\\u1ea2nh c\\u1ee7a V\\u00e1y c\\u01b0\\u1edbi c\\u00f4ng ch\\u00faa kim sa tay loe"}}]	8	2
111	2026-02-05 23:09:23.324871+07	55	Váy cưới công chúa Flora Sparkle (KHÁNH NGỌC Wedding)	1	[{"added": {}}, {"added": {"name": "product image", "object": "\\u1ea2nh c\\u1ee7a V\\u00e1y c\\u01b0\\u1edbi c\\u00f4ng ch\\u00faa Flora Sparkle"}}, {"added": {"name": "product image", "object": "\\u1ea2nh c\\u1ee7a V\\u00e1y c\\u01b0\\u1edbi c\\u00f4ng ch\\u00faa Flora Sparkle"}}]	8	2
112	2026-02-05 23:50:04.016511+07	56	Váy cưới công chúa Satin tùng bí (REN Bridal)	1	[{"added": {}}, {"added": {"name": "product image", "object": "\\u1ea2nh c\\u1ee7a V\\u00e1y c\\u01b0\\u1edbi c\\u00f4ng ch\\u00faa Satin t\\u00f9ng b\\u00ed"}}, {"added": {"name": "product image", "object": "\\u1ea2nh c\\u1ee7a V\\u00e1y c\\u01b0\\u1edbi c\\u00f4ng ch\\u00faa Satin t\\u00f9ng b\\u00ed"}}]	8	2
113	2026-02-05 23:50:04.108957+07	57	Váy cưới công chúa Satin tùng bí (REN Bridal)	1	[{"added": {}}, {"added": {"name": "product image", "object": "\\u1ea2nh c\\u1ee7a V\\u00e1y c\\u01b0\\u1edbi c\\u00f4ng ch\\u00faa Satin t\\u00f9ng b\\u00ed"}}, {"added": {"name": "product image", "object": "\\u1ea2nh c\\u1ee7a V\\u00e1y c\\u01b0\\u1edbi c\\u00f4ng ch\\u00faa Satin t\\u00f9ng b\\u00ed"}}]	8	2
114	2026-02-05 23:52:35.042142+07	56	Váy cưới công chúa Butterfly Dream (REN Bridal)	2	[{"changed": {"fields": ["T\\u00ean v\\u00e1y", "Gi\\u00e1 thu\\u00ea", "H\\u00ecnh \\u1ea3nh", "M\\u00f4 t\\u1ea3 s\\u1ea3n ph\\u1ea9m"]}}, {"added": {"name": "product image", "object": "\\u1ea2nh c\\u1ee7a V\\u00e1y c\\u01b0\\u1edbi c\\u00f4ng ch\\u00faa Butterfly Dream"}}, {"changed": {"name": "product image", "object": "\\u1ea2nh c\\u1ee7a V\\u00e1y c\\u01b0\\u1edbi c\\u00f4ng ch\\u00faa Butterfly Dream", "fields": ["\\u1ea2nh chi ti\\u1ebft"]}}, {"changed": {"name": "product image", "object": "\\u1ea2nh c\\u1ee7a V\\u00e1y c\\u01b0\\u1edbi c\\u00f4ng ch\\u00faa Butterfly Dream", "fields": ["\\u1ea2nh chi ti\\u1ebft"]}}]	8	2
115	2026-02-05 23:56:26.79868+07	58	Váy cưới công chúa ren pháp trường phái cổ điển (REN Bridal)	1	[{"added": {}}, {"added": {"name": "product image", "object": "\\u1ea2nh c\\u1ee7a V\\u00e1y c\\u01b0\\u1edbi c\\u00f4ng ch\\u00faa ren ph\\u00e1p tr\\u01b0\\u1eddng ph\\u00e1i c\\u1ed5 \\u0111i\\u1ec3n"}}, {"added": {"name": "product image", "object": "\\u1ea2nh c\\u1ee7a V\\u00e1y c\\u01b0\\u1edbi c\\u00f4ng ch\\u00faa ren ph\\u00e1p tr\\u01b0\\u1eddng ph\\u00e1i c\\u1ed5 \\u0111i\\u1ec3n"}}, {"added": {"name": "product image", "object": "\\u1ea2nh c\\u1ee7a V\\u00e1y c\\u01b0\\u1edbi c\\u00f4ng ch\\u00faa ren ph\\u00e1p tr\\u01b0\\u1eddng ph\\u00e1i c\\u1ed5 \\u0111i\\u1ec3n"}}]	8	2
116	2026-02-05 23:58:57.079096+07	59	Váy cưới công chúa ren toàn thân trễ vai (Ahihi Studio)	1	[{"added": {}}, {"added": {"name": "product image", "object": "\\u1ea2nh c\\u1ee7a V\\u00e1y c\\u01b0\\u1edbi c\\u00f4ng ch\\u00faa ren to\\u00e0n th\\u00e2n tr\\u1ec5 vai"}}, {"added": {"name": "product image", "object": "\\u1ea2nh c\\u1ee7a V\\u00e1y c\\u01b0\\u1edbi c\\u00f4ng ch\\u00faa ren to\\u00e0n th\\u00e2n tr\\u1ec5 vai"}}, {"added": {"name": "product image", "object": "\\u1ea2nh c\\u1ee7a V\\u00e1y c\\u01b0\\u1edbi c\\u00f4ng ch\\u00faa ren to\\u00e0n th\\u00e2n tr\\u1ec5 vai"}}]	8	2
117	2026-02-06 00:01:17.529035+07	60	Váy cưới công chúa Satin thắt nơ thủ công (Ahihi Studio)	1	[{"added": {}}, {"added": {"name": "product image", "object": "\\u1ea2nh c\\u1ee7a V\\u00e1y c\\u01b0\\u1edbi c\\u00f4ng ch\\u00faa Satin th\\u1eaft n\\u01a1 th\\u1ee7 c\\u00f4ng"}}, {"added": {"name": "product image", "object": "\\u1ea2nh c\\u1ee7a V\\u00e1y c\\u01b0\\u1edbi c\\u00f4ng ch\\u00faa Satin th\\u1eaft n\\u01a1 th\\u1ee7 c\\u00f4ng"}}, {"added": {"name": "product image", "object": "\\u1ea2nh c\\u1ee7a V\\u00e1y c\\u01b0\\u1edbi c\\u00f4ng ch\\u00faa Satin th\\u1eaft n\\u01a1 th\\u1ee7 c\\u00f4ng"}}]	8	2
118	2026-02-06 00:04:00.494779+07	61	Váy cưới công chúa Satin đính kết tua rua (Ahihi Studio)	1	[{"added": {}}, {"added": {"name": "product image", "object": "\\u1ea2nh c\\u1ee7a V\\u00e1y c\\u01b0\\u1edbi c\\u00f4ng ch\\u00faa Satin \\u0111\\u00ednh k\\u1ebft tua rua"}}, {"added": {"name": "product image", "object": "\\u1ea2nh c\\u1ee7a V\\u00e1y c\\u01b0\\u1edbi c\\u00f4ng ch\\u00faa Satin \\u0111\\u00ednh k\\u1ebft tua rua"}}, {"added": {"name": "product image", "object": "\\u1ea2nh c\\u1ee7a V\\u00e1y c\\u01b0\\u1edbi c\\u00f4ng ch\\u00faa Satin \\u0111\\u00ednh k\\u1ebft tua rua"}}]	8	2
119	2026-02-06 13:47:15.854236+07	62	Váy cưới công chúa kim sa họa tiết hình học (CEM Bridal Studio)	1	[{"added": {}}, {"added": {"name": "product image", "object": "\\u1ea2nh c\\u1ee7a V\\u00e1y c\\u01b0\\u1edbi c\\u00f4ng ch\\u00faa kim sa h\\u1ecda ti\\u1ebft h\\u00ecnh h\\u1ecdc"}}, {"added": {"name": "product image", "object": "\\u1ea2nh c\\u1ee7a V\\u00e1y c\\u01b0\\u1edbi c\\u00f4ng ch\\u00faa kim sa h\\u1ecda ti\\u1ebft h\\u00ecnh h\\u1ecdc"}}, {"added": {"name": "product image", "object": "\\u1ea2nh c\\u1ee7a V\\u00e1y c\\u01b0\\u1edbi c\\u00f4ng ch\\u00faa kim sa h\\u1ecda ti\\u1ebft h\\u00ecnh h\\u1ecdc"}}]	8	2
120	2026-02-06 13:49:19.46832+07	63	Váy cưới công chúa kim sa hoàng gia (CEM Bridal Studio)	1	[{"added": {}}, {"added": {"name": "product image", "object": "\\u1ea2nh c\\u1ee7a V\\u00e1y c\\u01b0\\u1edbi c\\u00f4ng ch\\u00faa kim sa ho\\u00e0ng gia"}}, {"added": {"name": "product image", "object": "\\u1ea2nh c\\u1ee7a V\\u00e1y c\\u01b0\\u1edbi c\\u00f4ng ch\\u00faa kim sa ho\\u00e0ng gia"}}, {"added": {"name": "product image", "object": "\\u1ea2nh c\\u1ee7a V\\u00e1y c\\u01b0\\u1edbi c\\u00f4ng ch\\u00faa kim sa ho\\u00e0ng gia"}}]	8	2
121	2026-02-06 13:50:57.571069+07	63	Váy cưới công chúa kim sa hoàng gia (Kim Couture)	2	[{"changed": {"fields": ["Thu\\u1ed9c c\\u1eeda h\\u00e0ng"]}}]	8	2
122	2026-02-06 13:51:04.856006+07	62	Váy cưới công chúa kim sa họa tiết hình học (Kim Couture)	2	[{"changed": {"fields": ["Thu\\u1ed9c c\\u1eeda h\\u00e0ng"]}}]	8	2
123	2026-02-06 13:53:25.231182+07	64	Váy cưới công chúa đính lông vũ thủ công (Kim Couture)	1	[{"added": {}}, {"added": {"name": "product image", "object": "\\u1ea2nh c\\u1ee7a V\\u00e1y c\\u01b0\\u1edbi c\\u00f4ng ch\\u00faa \\u0111\\u00ednh l\\u00f4ng v\\u0169 th\\u1ee7 c\\u00f4ng"}}, {"added": {"name": "product image", "object": "\\u1ea2nh c\\u1ee7a V\\u00e1y c\\u01b0\\u1edbi c\\u00f4ng ch\\u00faa \\u0111\\u00ednh l\\u00f4ng v\\u0169 th\\u1ee7 c\\u00f4ng"}}, {"added": {"name": "product image", "object": "\\u1ea2nh c\\u1ee7a V\\u00e1y c\\u01b0\\u1edbi c\\u00f4ng ch\\u00faa \\u0111\\u00ednh l\\u00f4ng v\\u0169 th\\u1ee7 c\\u00f4ng"}}]	8	2
124	2026-02-06 13:55:39.480003+07	65	Váy cưới cổ yếm tùng váy xếp nếp 3D (Bridal Corner Studio)	1	[{"added": {}}, {"added": {"name": "product image", "object": "\\u1ea2nh c\\u1ee7a V\\u00e1y c\\u01b0\\u1edbi c\\u1ed5 y\\u1ebfm t\\u00f9ng v\\u00e1y x\\u1ebfp n\\u1ebfp 3D"}}, {"added": {"name": "product image", "object": "\\u1ea2nh c\\u1ee7a V\\u00e1y c\\u01b0\\u1edbi c\\u1ed5 y\\u1ebfm t\\u00f9ng v\\u00e1y x\\u1ebfp n\\u1ebfp 3D"}}, {"added": {"name": "product image", "object": "\\u1ea2nh c\\u1ee7a V\\u00e1y c\\u01b0\\u1edbi c\\u1ed5 y\\u1ebfm t\\u00f9ng v\\u00e1y x\\u1ebfp n\\u1ebfp 3D"}}]	8	2
125	2026-02-06 13:57:36.565711+07	66	Váy cưới lụa Satin phối ren cổ cao (Kim Couture)	1	[{"added": {}}, {"added": {"name": "product image", "object": "\\u1ea2nh c\\u1ee7a V\\u00e1y c\\u01b0\\u1edbi l\\u1ee5a Satin ph\\u1ed1i ren c\\u1ed5 cao"}}, {"added": {"name": "product image", "object": "\\u1ea2nh c\\u1ee7a V\\u00e1y c\\u01b0\\u1edbi l\\u1ee5a Satin ph\\u1ed1i ren c\\u1ed5 cao"}}, {"added": {"name": "product image", "object": "\\u1ea2nh c\\u1ee7a V\\u00e1y c\\u01b0\\u1edbi l\\u1ee5a Satin ph\\u1ed1i ren c\\u1ed5 cao"}}]	8	2
126	2026-02-06 13:58:37.533264+07	66	Váy cưới lụa Satin phối ren cổ cao (Bridal Corner Studio)	2	[{"changed": {"fields": ["Thu\\u1ed9c c\\u1eeda h\\u00e0ng"]}}]	8	2
127	2026-02-06 14:00:26.29507+07	67	Váy cưới công chúa Satin trễ vai tùng bí (Bridal Corner Studio)	1	[{"added": {}}, {"added": {"name": "product image", "object": "\\u1ea2nh c\\u1ee7a V\\u00e1y c\\u01b0\\u1edbi c\\u00f4ng ch\\u00faa Satin tr\\u1ec5 vai t\\u00f9ng b\\u00ed"}}, {"added": {"name": "product image", "object": "\\u1ea2nh c\\u1ee7a V\\u00e1y c\\u01b0\\u1edbi c\\u00f4ng ch\\u00faa Satin tr\\u1ec5 vai t\\u00f9ng b\\u00ed"}}, {"added": {"name": "product image", "object": "\\u1ea2nh c\\u1ee7a V\\u00e1y c\\u01b0\\u1edbi c\\u00f4ng ch\\u00faa Satin tr\\u1ec5 vai t\\u00f9ng b\\u00ed"}}]	8	2
128	2026-02-06 14:23:02.547098+07	68	Váy cưới công chúa kim sa tinh khôi (CEM Bridal Studio)	1	[{"added": {}}]	8	2
129	2026-02-06 14:25:19.246269+07	68	Váy cưới công chúa kim sa tinh khôi (CEM Bridal Studio)	2	[{"changed": {"fields": ["H\\u00ecnh \\u1ea3nh"]}}, {"added": {"name": "product image", "object": "\\u1ea2nh c\\u1ee7a V\\u00e1y c\\u01b0\\u1edbi c\\u00f4ng ch\\u00faa kim sa tinh kh\\u00f4i"}}, {"added": {"name": "product image", "object": "\\u1ea2nh c\\u1ee7a V\\u00e1y c\\u01b0\\u1edbi c\\u00f4ng ch\\u00faa kim sa tinh kh\\u00f4i"}}]	8	2
130	2026-02-06 14:28:30.26806+07	69	Váy cưới công chúa ren hoa Moonlight (CEM Bridal Studio)	1	[{"added": {}}, {"added": {"name": "product image", "object": "\\u1ea2nh c\\u1ee7a V\\u00e1y c\\u01b0\\u1edbi c\\u00f4ng ch\\u00faa ren hoa Moonlight"}}, {"added": {"name": "product image", "object": "\\u1ea2nh c\\u1ee7a V\\u00e1y c\\u01b0\\u1edbi c\\u00f4ng ch\\u00faa ren hoa Moonlight"}}]	8	2
131	2026-02-06 14:31:34.769482+07	70	Váy cưới công chúa tinh tú (CEM Bridal Studio)	1	[{"added": {}}, {"added": {"name": "product image", "object": "\\u1ea2nh c\\u1ee7a V\\u00e1y c\\u01b0\\u1edbi c\\u00f4ng ch\\u00faa tinh t\\u00fa"}}, {"added": {"name": "product image", "object": "\\u1ea2nh c\\u1ee7a V\\u00e1y c\\u01b0\\u1edbi c\\u00f4ng ch\\u00faa tinh t\\u00fa"}}, {"added": {"name": "product image", "object": "\\u1ea2nh c\\u1ee7a V\\u00e1y c\\u01b0\\u1edbi c\\u00f4ng ch\\u00faa tinh t\\u00fa"}}]	8	2
132	2026-02-06 14:37:47.376424+07	71	Váy cưới công chúa kim sa ánh bạc (Hanah Bridal - Chuyên may và cho thuê áo cưới, áo dài cưới)	1	[{"added": {}}, {"added": {"name": "product image", "object": "\\u1ea2nh c\\u1ee7a V\\u00e1y c\\u01b0\\u1edbi c\\u00f4ng ch\\u00faa kim sa \\u00e1nh b\\u1ea1c"}}, {"added": {"name": "product image", "object": "\\u1ea2nh c\\u1ee7a V\\u00e1y c\\u01b0\\u1edbi c\\u00f4ng ch\\u00faa kim sa \\u00e1nh b\\u1ea1c"}}, {"added": {"name": "product image", "object": "\\u1ea2nh c\\u1ee7a V\\u00e1y c\\u01b0\\u1edbi c\\u00f4ng ch\\u00faa kim sa \\u00e1nh b\\u1ea1c"}}, {"added": {"name": "product image", "object": "\\u1ea2nh c\\u1ee7a V\\u00e1y c\\u01b0\\u1edbi c\\u00f4ng ch\\u00faa kim sa \\u00e1nh b\\u1ea1c"}}]	8	2
133	2026-02-06 14:38:35.16495+07	35	Hanah Bridal	2	[{"changed": {"fields": ["T\\u00ean c\\u1eeda h\\u00e0ng"]}}]	7	2
134	2026-02-06 14:41:56.791864+07	72	Váy cưới công chúa ren hoa phối tay voan xếp ly (Hanah Bridal)	1	[{"added": {}}, {"added": {"name": "product image", "object": "\\u1ea2nh c\\u1ee7a V\\u00e1y c\\u01b0\\u1edbi c\\u00f4ng ch\\u00faa ren hoa ph\\u1ed1i tay voan x\\u1ebfp ly"}}, {"added": {"name": "product image", "object": "\\u1ea2nh c\\u1ee7a V\\u00e1y c\\u01b0\\u1edbi c\\u00f4ng ch\\u00faa ren hoa ph\\u1ed1i tay voan x\\u1ebfp ly"}}]	8	2
135	2026-02-06 14:44:55.614042+07	73	Váy cưới công chúa ren hoa đuôi dài (Hanah Bridal)	1	[{"added": {}}, {"added": {"name": "product image", "object": "\\u1ea2nh c\\u1ee7a V\\u00e1y c\\u01b0\\u1edbi c\\u00f4ng ch\\u00faa ren hoa \\u0111u\\u00f4i d\\u00e0i"}}, {"added": {"name": "product image", "object": "\\u1ea2nh c\\u1ee7a V\\u00e1y c\\u01b0\\u1edbi c\\u00f4ng ch\\u00faa ren hoa \\u0111u\\u00f4i d\\u00e0i"}}, {"added": {"name": "product image", "object": "\\u1ea2nh c\\u1ee7a V\\u00e1y c\\u01b0\\u1edbi c\\u00f4ng ch\\u00faa ren hoa \\u0111u\\u00f4i d\\u00e0i"}}, {"added": {"name": "product image", "object": "\\u1ea2nh c\\u1ee7a V\\u00e1y c\\u01b0\\u1edbi c\\u00f4ng ch\\u00faa ren hoa \\u0111u\\u00f4i d\\u00e0i"}}]	8	2
136	2026-03-18 23:19:56.606445+07	47	Nhiên Bridal	2	[{"changed": {"fields": ["\\u1ea2nh \\u0111\\u1ea1i di\\u1ec7n ti\\u1ec7m"]}}]	7	2
137	2026-03-18 23:25:23.642629+07	51	Áo cưới Dreams Bridal	1	[{"added": {}}]	7	2
138	2026-03-18 23:34:27.333927+07	51	Áo cưới Dreams Bridal	3		7	2
139	2026-03-28 12:05:49.100783+07	1	Phiêu Studio - Áo cưới	2	[{"changed": {"fields": ["Image"]}}]	7	2
140	2026-03-28 12:06:54.263912+07	2	Kami Anna Studio - Chụp hình cưới đẹp HCM	2	[{"changed": {"fields": ["Image"]}}]	7	2
141	2026-03-28 12:10:18.844153+07	9	MAILOAN Bridal	2	[{"changed": {"fields": ["Image"]}}]	7	2
142	2026-03-28 12:11:12.261437+07	3	Áo Cưới Phương Du(ANITA makeup)	2	[{"changed": {"fields": ["Image"]}}]	7	2
143	2026-03-28 12:12:29.881935+07	4	Maison de Orenji Wedding - Bridal	2	[{"changed": {"fields": ["Image"]}}]	7	2
144	2026-03-28 12:13:23.361586+07	5	Helen Bridal	2	[{"changed": {"fields": ["Image"]}}]	7	2
145	2026-03-28 12:13:23.439219+07	5	Helen Bridal	2	[{"changed": {"fields": ["Image"]}}]	7	2
146	2026-03-28 12:14:39.362673+07	6	Tony Wedding - Chụp ảnh cưới đẹp Tân Phú	2	[{"changed": {"fields": ["Image"]}}]	7	2
147	2026-03-28 12:15:20.66395+07	7	SONO Wedding	2	[{"changed": {"fields": ["Image"]}}]	7	2
148	2026-03-28 12:16:20.365186+07	8	Sweet's Wedding	2	[{"changed": {"fields": ["Image"]}}]	7	2
149	2026-03-28 12:19:34.661457+07	10	Princess Bridal	2	[{"changed": {"fields": ["Image"]}}]	7	2
150	2026-03-28 12:20:11.345587+07	11	Mê váy cưới	2	[{"changed": {"fields": ["Image"]}}]	7	2
151	2026-03-28 12:20:53.810901+07	12	CiLove Bridal - Váy cưới nhập khẩu chất lượng	2	[{"changed": {"fields": ["Image"]}}]	7	2
152	2026-03-28 12:21:30.628114+07	13	Tiệm áo cưới Ami	2	[{"changed": {"fields": ["Image"]}}]	7	2
153	2026-03-28 12:21:53.991021+07	14	Calla Wedding	2	[{"changed": {"fields": ["Image"]}}]	7	2
154	2026-03-28 12:22:28.262065+07	15	Qwedding	2	[{"changed": {"fields": ["Image"]}}]	7	2
155	2026-03-28 12:23:53.314728+07	16	Luu bridal	2	[{"changed": {"fields": ["Image"]}}]	7	2
156	2026-03-28 12:24:26.500032+07	17	KHÁNH NGỌC Wedding	2	[{"changed": {"fields": ["Image"]}}]	7	2
157	2026-03-28 12:26:21.616956+07	18	Son Studio - 331 Cộng Hoà	2	[{"changed": {"fields": ["Image"]}}]	7	2
158	2026-03-28 12:26:52.880757+07	19	Tiệm Váy Cưới HCM	2	[{"changed": {"fields": ["Image"]}}]	7	2
159	2026-03-28 12:26:52.951737+07	19	Tiệm Váy Cưới HCM	2	[{"changed": {"fields": ["Image"]}}]	7	2
160	2026-03-28 12:26:52.965647+07	19	Tiệm Váy Cưới HCM	2	[{"changed": {"fields": ["Image"]}}]	7	2
161	2026-03-28 12:27:39.791942+07	20	Áo cưới Omni	2	[{"changed": {"fields": ["Image"]}}]	7	2
162	2026-03-28 12:30:32.270632+07	21	Qbridal Studio	2	[{"changed": {"fields": ["T\\u00ean c\\u1eeda h\\u00e0ng", "Image"]}}]	7	2
163	2026-03-28 12:31:28.316158+07	22	Studio áo cưới Hoàng Linh	2	[{"changed": {"fields": ["Image"]}}]	7	2
164	2026-03-28 12:32:19.877621+07	23	Ngan Vo Studio	2	[{"changed": {"fields": ["Image"]}}]	7	2
165	2026-03-28 12:33:20.691586+07	24	Áo cưới Queen Studio	2	[{"changed": {"fields": ["Image"]}}]	7	2
166	2026-03-28 12:33:58.519458+07	25	2Q Studio - Váy cưới Gò Vấp	2	[{"changed": {"fields": ["Image"]}}]	7	2
167	2026-03-28 12:34:54.484571+07	26	SoHee Wedding Gò Vấp	2	[{"changed": {"fields": ["Image"]}}]	7	2
168	2026-03-28 12:36:16.0715+07	27	Mây Wedding (CN Gò Vấp)	2	[{"changed": {"fields": ["Image"]}}]	7	2
169	2026-03-28 12:36:57.205215+07	28	Áo cưới the view	2	[{"changed": {"fields": ["Image"]}}]	7	2
170	2026-03-28 12:38:43.833223+07	29	Công ty Áo Cưới Thiên Đường	2	[{"changed": {"fields": ["Image"]}}]	7	2
171	2026-03-28 12:39:06.084425+07	30	REN Bridal	2	[{"changed": {"fields": ["Image"]}}]	7	2
172	2026-03-28 12:39:06.09836+07	30	REN Bridal	2	[{"changed": {"fields": ["Image"]}}]	7	2
173	2026-03-28 12:39:40.266457+07	31	Ahihi Studio	2	[{"changed": {"fields": ["Image"]}}]	7	2
174	2026-03-28 12:40:16.67162+07	32	CEM Bridal Studio	2	[{"changed": {"fields": ["Image"]}}]	7	2
175	2026-03-28 12:41:19.482185+07	33	Kim Couture	2	[{"changed": {"fields": ["Image"]}}]	7	2
176	2026-03-28 12:41:54.719753+07	34	Bridal Corner Studio	2	[{"changed": {"fields": ["Image"]}}]	7	2
177	2026-03-28 12:43:50.785547+07	35	Hanah Bridal	2	[{"changed": {"fields": ["Image"]}}]	7	2
178	2026-03-28 12:45:29.874731+07	36	IDY WEDDING	2	[{"changed": {"fields": ["Image"]}}]	7	2
179	2026-03-28 12:45:29.898699+07	36	IDY WEDDING	2	[{"changed": {"fields": ["Image"]}}]	7	2
180	2026-03-28 12:48:40.054236+07	37	Váy cưới Maxi Quỳnh Anh	2	[{"changed": {"fields": ["T\\u00ean c\\u1eeda h\\u00e0ng", "Image"]}}]	7	2
181	2026-03-28 12:49:58.052055+07	38	Cho thuê váy cưới - Lemi Bridal	2	[{"changed": {"fields": ["Image"]}}]	7	2
182	2026-03-28 12:50:53.564576+07	39	Omni Bridal (Chi Nhánh 2)	2	[{"changed": {"fields": ["Image"]}}]	7	2
183	2026-03-28 12:51:21.688668+07	40	Phat Pro Studio	2	[{"changed": {"fields": ["Image"]}}]	7	2
184	2026-03-28 12:53:02.015566+07	41	Bao Ny Nguyen Bridal	2	[{"changed": {"fields": ["Image"]}}]	7	2
185	2026-03-28 12:53:02.120295+07	41	Bao Ny Nguyen Bridal	2	[{"changed": {"fields": ["Image"]}}]	7	2
186	2026-03-28 12:53:43.185548+07	42	Sansan Bridal	2	[{"changed": {"fields": ["Image"]}}]	7	2
187	2026-03-28 12:56:03.220074+07	43	Váy Cưới C.H.I Bridal	2	[{"changed": {"fields": ["Image"]}}]	7	2
188	2026-03-28 12:59:35.872093+07	44	Min Bridal	3		7	2
189	2026-03-28 13:00:14.447134+07	45	Mona Bridal	3		7	2
190	2026-03-28 13:01:32.492264+07	50	Áo Cưới Kathy	2	[{"changed": {"fields": ["Image"]}}]	7	2
191	2026-03-28 13:02:09.159395+07	49	MARIE BRIDAL	2	[{"changed": {"fields": ["Image"]}}]	7	2
192	2026-03-28 13:02:40.548579+07	48	Váy cưới Luciola Bridal	2	[{"changed": {"fields": ["Image"]}}]	7	2
193	2026-03-28 13:03:09.016597+07	47	Nhiên Bridal	2	[{"changed": {"fields": ["Image"]}}]	7	2
\.


--
-- TOC entry 3955 (class 0 OID 17733)
-- Dependencies: 222
-- Data for Name: django_content_type; Type: TABLE DATA; Schema: public; Owner: postgres
--

COPY public.django_content_type (id, app_label, model) FROM stdin;
1	admin	logentry
2	auth	permission
3	auth	group
4	auth	user
5	contenttypes	contenttype
6	sessions	session
7	store	store
8	store	product
9	store	booking
10	store	productimage
\.


--
-- TOC entry 3953 (class 0 OID 17721)
-- Dependencies: 220
-- Data for Name: django_migrations; Type: TABLE DATA; Schema: public; Owner: postgres
--

COPY public.django_migrations (id, app, name, applied) FROM stdin;
1	contenttypes	0001_initial	2026-02-01 15:27:01.484274+07
2	auth	0001_initial	2026-02-01 15:27:01.531772+07
3	admin	0001_initial	2026-02-01 15:27:01.540413+07
4	admin	0002_logentry_remove_auto_add	2026-02-01 15:27:01.554707+07
5	admin	0003_logentry_add_action_flag_choices	2026-02-01 15:27:01.573178+07
6	contenttypes	0002_remove_content_type_name	2026-02-01 15:27:01.58369+07
7	auth	0002_alter_permission_name_max_length	2026-02-01 15:27:01.589326+07
8	auth	0003_alter_user_email_max_length	2026-02-01 15:27:01.594765+07
9	auth	0004_alter_user_username_opts	2026-02-01 15:27:01.598756+07
10	auth	0005_alter_user_last_login_null	2026-02-01 15:27:01.603468+07
11	auth	0006_require_contenttypes_0002	2026-02-01 15:27:01.604754+07
12	auth	0007_alter_validators_add_error_messages	2026-02-01 15:27:01.608585+07
13	auth	0008_alter_user_username_max_length	2026-02-01 15:27:01.616273+07
14	auth	0009_alter_user_last_name_max_length	2026-02-01 15:27:01.621751+07
15	auth	0010_alter_group_name_max_length	2026-02-01 15:27:01.627455+07
16	auth	0011_update_proxy_permissions	2026-02-01 15:27:01.632266+07
17	auth	0012_alter_user_first_name_max_length	2026-02-01 15:27:01.638535+07
18	sessions	0001_initial	2026-02-01 15:27:01.647455+07
19	store	0001_initial	2026-02-01 15:27:01.661563+07
20	store	0002_booking	2026-02-02 23:10:17.786669+07
21	store	0003_product_description_alter_product_image	2026-02-04 13:35:59.452591+07
22	store	0004_productimage	2026-02-04 13:35:59.473498+07
23	store	0005_store_image	2026-03-18 23:15:20.900026+07
24	store	0006_alter_store_image	2026-03-28 12:03:26.274748+07
25	store	0007_product_quantity_product_status	2026-04-04 16:41:05.810137+07
\.


--
-- TOC entry 3970 (class 0 OID 17903)
-- Dependencies: 237
-- Data for Name: django_session; Type: TABLE DATA; Schema: public; Owner: postgres
--

COPY public.django_session (session_key, session_data, expire_date) FROM stdin;
5f0akgq6o0crr90t7l8tq1w3y8rvg0ia	.eJxVjDsOwjAQBe_iGlmxE8deSnrOEO3HSwLIlvKpEHeHSCmgfTPzXmbAbR2HbcnzMIk5G29OvxshP3LZgdyx3KrlWtZ5Irsr9qCLvVbJz8vh_h2MuIzfmiiF4GObokLTc0D1oJRdygoCHcTofNIuMLfEnvtGHDhIvQqhwyjm_QHiFzgj:1vnnaP:ltgNFwBFC_6HV8EErQWQeO-bIBxmXYIst7UQTzog18U	2026-02-19 07:51:09.783011+07
3c2741r4i9muv9peuv4r0nlyzz95ddjk	.eJxVjDsOwjAQBe_iGlmxE8deSnrOEO3HSwLIlvKpEHeHSCmgfTPzXmbAbR2HbcnzMIk5G29OvxshP3LZgdyx3KrlWtZ5Irsr9qCLvVbJz8vh_h2MuIzfmiiF4GObokLTc0D1oJRdygoCHcTofNIuMLfEnvtGHDhIvQqhwyjm_QHiFzgj:1vnncJ:kJJff9tfrSVXkQ0aX6jI8jOQ1mwFGZLWwd6Wj44D8Wc	2026-02-19 07:53:07.360604+07
z573gwm8w3pmjbsy9auke9amx4usxoks	.eJxVjDsOwjAQBe_iGlmxE8deSnrOEO3HSwLIlvKpEHeHSCmgfTPzXmbAbR2HbcnzMIk5G29OvxshP3LZgdyx3KrlWtZ5Irsr9qCLvVbJz8vh_h2MuIzfmiiF4GObokLTc0D1oJRdygoCHcTofNIuMLfEnvtGHDhIvQqhwyjm_QHiFzgj:1vyQ6z:XwLLwsEBgY3hJbstAneXxIEi6henUqZu_hyqKdAaVEk	2026-03-20 15:00:41.594752+07
8vm2uzqr7c8gx7fryvebjcp3k305hfih	.eJxVjDsOwjAQBe_iGlmxE8deSnrOEO3HSwLIlvKpEHeHSCmgfTPzXmbAbR2HbcnzMIk5G29OvxshP3LZgdyx3KrlWtZ5Irsr9qCLvVbJz8vh_h2MuIzfmiiF4GObokLTc0D1oJRdygoCHcTofNIuMLfEnvtGHDhIvQqhwyjm_QHiFzgj:1w3X5w:vUpT99BWZTgeYOFJbQw4AUs7vGdblo8qnFC5TB1KiNM	2026-04-03 17:28:44.021485+07
ytvtoukyez0b45bori6rg99317k2hzo4	.eJxVjEEKwyAQAP_iuYiKrrHH3vsG0d21pi0GYnIK_XsRcmivM8McIqZ9q3HvvMaZxFU4cfllOeGL2xD0TO2xSFzats5ZjkSetsv7Qvy-ne3foKZexzaUZI0CPzmTtSbjiyU1edbkNFmjKRCSQQ4Ws8qYDHirgG0BxwggPl_VGTfS:1w6ojW:4izJ51WDhVeDMbVLmDgmKPCVuNZ19Sd2yEmQDXlXPwA	2026-04-12 18:55:10.1339+07
9z9psr4x1183dshc3utfr1c0c60s33xn	.eJxVjDsOwjAQBe_iGlmxE8deSnrOEO3HSwLIlvKpEHeHSCmgfTPzXmbAbR2HbcnzMIk5G29OvxshP3LZgdyx3KrlWtZ5Irsr9qCLvVbJz8vh_h2MuIzfmiiF4GObokLTc0D1oJRdygoCHcTofNIuMLfEnvtGHDhIvQqhwyjm_QHiFzgj:1w79j9:7AmGWYqrUQ7T3pWlGts0JU8bTJxo45PUmssVxVFd4Fg	2026-04-13 17:20:11.847976+07
dom8dzw1o96h3eyfd4ljuy6xhop3vkwe	.eJxVjDsOwjAQBe_iGlmxE8deSnrOEO3HSwLIlvKpEHeHSCmgfTPzXmbAbR2HbcnzMIk5G29OvxshP3LZgdyx3KrlWtZ5Irsr9qCLvVbJz8vh_h2MuIzfmiiF4GObokLTc0D1oJRdygoCHcTofNIuMLfEnvtGHDhIvQqhwyjm_QHiFzgj:1w8rEZ:YwjFAnBzQLYPqFUIM-SjRQPERXPpBQgHv1y4pl6cB6s	2026-04-18 09:59:39.723903+07
jc8n7rbj25qjgp884ur3rz4000628rnf	.eJxVjDsOwjAQBe_iGlmxE8deSnrOEO3HSwLIlvKpEHeHSCmgfTPzXmbAbR2HbcnzMIk5G29OvxshP3LZgdyx3KrlWtZ5Irsr9qCLvVbJz8vh_h2MuIzfmiiF4GObokLTc0D1oJRdygoCHcTofNIuMLfEnvtGHDhIvQqhwyjm_QHiFzgj:1wDcU1:QJwBM0f6c0F5RIFF6vpuY8NfEJUIzk2HwcECHj4GvKg	2026-05-01 13:15:17.022051+07
\.


--
-- TOC entry 3976 (class 0 OID 17946)
-- Dependencies: 243
-- Data for Name: store_booking; Type: TABLE DATA; Schema: public; Owner: postgres
--

COPY public.store_booking (id, customer_name, phone, booking_date, note, status, created_at, product_id) FROM stdin;
1	Đoàn Gia Hân	0363809523	2026-02-03 00:00:00+07	1m60, 50kg	done	2026-02-03 11:27:56.07+07	13
3	Trần Mẫn Chi	0916872005	2026-03-27 15:00:00+07	155cm, 49kg	done	2026-03-27 14:57:14.051764+07	63
4	Nguyễn Huỳnh Như	0332802347	2026-03-28 14:30:00+07	153cm, 45kg	confirmed	2026-03-28 11:24:41.989344+07	72
5	Hoàng Thiên An	0448054805	2026-03-28 09:00:00+07	158cm, 52kg	confirmed	2026-03-28 11:25:45.136835+07	70
2	Nguyễn Thị Thùy Trang	0961728619	2026-10-29 21:00:00+07		cancelled	2026-02-04 12:04:03.425+07	18
10	Thuỳ Trang	0363809523	2026-03-30 22:17:00+07	1m50, 50kg	confirmed	2026-03-30 17:19:42.461109+07	25
11	Nguyễn Hoài Thương	0987112678	2026-04-13 15:00:00+07	160cm, 55kg	pending	2026-04-13 13:41:04.096752+07	63
6	Nguyễn Ngọc Phương Vy	0713704948	2026-03-29 15:30:00+07	cao 161cm, 52kg	done	2026-03-29 13:39:26.129379+07	42
7	Thuỳ Trang	0332802347	2026-03-28 19:44:00+07	1m6, 50kg	done	2026-03-30 12:45:10.535473+07	25
\.


--
-- TOC entry 3974 (class 0 OID 17930)
-- Dependencies: 241
-- Data for Name: store_product; Type: TABLE DATA; Schema: public; Owner: postgres
--

COPY public.store_product (id, name, price, image, store_id, description, quantity, status) FROM stdin;
18	Váy cưới công chúa dáng đính đá pha lê lấp lánh	6500000	products/vay_cuoi_cong_chua_chinh.jpg	9	Váy cưới thiết kế cao cấp, cúp ngực tim, đính đá pha lê và ren thủ công. Chân váy xòe nhiều tầng lộng lẫy, phù hợp cho lễ đường sang trọng.	1	available
1	Váy Cưới Công Chúa Đính Đá	2500000	products/Vay_Cuoi_Cong_Chua_Dinh_Da_6O1T0cz_ZQDDHDe.jpg	3		1	available
2	Váy cưới Ball Gown trễ vai, xếp tầng	3000000	products/Vay_cuoi_Ball_Gown_tre_vai_xep_tang.jpg	3	\N	1	available
3	Váy cưới tay dài ren, cổ cao	2900000	products/Vay_cuoi_tay_dai_ren_co_cao.jpg	3	\N	1	available
4	Váy đuôi cá đính lông vũ	2500000	products/Vay_duoi_ca_dinh_long_vu_7M2U0n7_S9O97vW.jpg	3		1	available
5	Váy công chúa trễ vai đính lông vũ	3200000	products/Vay_cong_chua_tre_vai_dinh_long_vu_m3Fi2b1_UWpZraO.jpg	3		1	available
6	Váy quây đính hoa nổi	4000000	products/Vay_quay_dinh_hoa_noi_67Dvvts_8KIjWeb.jpg	1		1	available
7	Váy cúp ngực ren cao cấp	4500000	products/Vay_cup_nguc_ren_cao_cap.jpg	1	\N	1	available
8	Váy đuôi cá phối tà phụ	3800000	products/Vay_duoi_ca_phoi_ta_phu_P0atGjb_PVL4whn.jpg	1		1	available
9	Váy Cưới Công Chúa Ánh Kim	5000000	products/Vay_Cuoi_Cong_Chua_Anh_Kim.jpg	1	\N	1	available
10	Váy Cưới Công Chúa Tay Dài Đính Đá	6500000	products/Vay_Cuoi_Cong_Chua_Tay_Dai_Dinh_Da_chkaz5J_3A3CfaE.jpg	1		1	available
11	Váy cổ cao phong cách Hoàng gia	12000000	products/vay_co_cao_phong_cach_Hoang_gia.jpg	1		1	available
12	Váy Ren Cổ điển	9000000	products/Vay_Ren_Co_dien_tS55KIO_0SPqYra.jpg	1		1	available
13	Váy Mullet Hiện đại	4000000	products/Vay_Mullet_Hien_Dai_I4iDSv2_TIq6AGy.jpg	1		1	available
14	Váy Công Chúa Xếp Nếp Nghệ Thuật	7000000	products/Vay_Cong_Chua_Xep_Nep_Nghe_Thuat.jpg	2	\N	1	available
15	Váy Cúp ngực Kim sa Tối giản	5300000	products/Vay_Cup_nguc_Kim_sa_Toi_gian.jpg	2	\N	1	available
16	Goddess of Moonlight	8200000	products/Goddess_of_Moonlight.jpg	2	\N	1	available
19	Váy Cưới Lụa Trắng Dáng A	2500000	products/vay_cuoi_lua_trang_chinh.jpg	9		1	available
20	Váy Cưới Fairy Tale Xòe Tầng	4500000	products/vay_cuoi_fairy_tale_chinh.jpg	9		1	available
21	Váy Cưới Ren Trễ Vai Dáng Đuôi Cá	3800000	products/vay_cuoi_ren_duoi_ca_chinh.jpg	9		1	available
25	Váy cưới cổ yếm phối ren cao cấp	450000	products/vay_cuoi_co_yem_phoi_ren_cao_cap_chinh_Ptb8gOA.jpg	9	Marie lựa chọn sự tinh tế và thanh lịch để khắc họa một phiên bản đầy cuốn hút. Chiếc váy nổi bật với chất liệu ren cao cấp cùng họa tiết hoa văn thêu tay tỉ mỉ, mang đến cảm giác nhẹ nhàng và nữ tính tuyệt đối.\r\nĐiểm nhấn độc đáo nằm ở phần cổ yếm bằng lớp lưới mỏng manh kết hợp chi tiết hoa tinh xảo, giúp tôn vinh bờ vai thon gọn. Phía sau được nhấn nhá bằng peplum nơ to bản, tạo nên sự quyến rũ, thanh thoát và vẻ ngoài lộng lẫy để nàng dâu tỏa sáng rạng ngời trong khoảnh khắc thiêng liêng nhất của cuộc đời.	1	available
28	Váy cưới Mullet dáng ngắn phối nơ	3000000	products/vay_cuoi-Mullet_dang_ngan_phoi_no_chinh.jpg	4	hiếc váy là sự kết hợp táo bạo giữa nét cổ điển và hơi thở hiện đại. Thiết kế dáng Mullet (vạt trước ngắn, vạt sau dài) giúp nàng dâu khoe trọn đôi chân thon dài nhưng vẫn giữ được sự thướt tha, kiều diễm.\r\nĐược chế tác từ chất liệu vải gấm hoa nổi cao cấp với bề mặt vân sần sang trọng, chiếc váy tạo nên form dáng phồng xòe tự nhiên cực kỳ ấn tượng. Điểm nhấn là những chiếc nơ xinh xắn được đính kết tinh tế ở eo và ngực, mang đến vẻ đẹp ngọt ngào, trẻ trung và tràn đầy năng lượng cho nàng dâu hiện đại.	1	available
29	Váy cưới công chúa đính kim sa lấp lánh	6500000	products/vay_cuoi_dinh_kim_sa_chinh.jpg	4	Một thiết kế đỉnh cao đến từ Maison de Orenji, dành riêng cho những nàng dâu muốn trở thành tâm điểm tuyệt đối trong đêm tiệc. Chiếc váy gây ấn tượng mạnh với hàng ngàn hạt kim sa và pha lê được đính kết thủ công tỉ mỉ theo họa tiết uốn lượn mềm mại trên nền vải voan cao cấp, tạo nên hiệu ứng lấp lánh như hàng vạn viên kim cương dưới ánh đèn.\r\nPhần cúp ngực tinh tế kết hợp cùng dây vai mảnh đính đá giúp tôn vinh vòng một gợi cảm và bờ vai trần quyến rũ. Form dáng công chúa xòe rộng với độ phồng hoàn hảo không chỉ mang lại vẻ ngoài lộng lẫy mà còn giúp nàng dâu toát lên phong thái hoàng gia, sang trọng trong từng bước đi.	1	available
30	Váy cưới đuôi cá cổ trụ hoàng gia	5000000	products/vay_duoi_ca_co_tru_chinh.jpg	4	Khơi nguồn cảm hứng từ những đóa hoa tinh khôi, mẫu thiết kế mang đến diện mạo thanh thoát và lộng lẫy cho nàng dâu trong ngày trọng đại.\r\nThiết kế sở hữu phom dáng đuôi cá (Mermaid) ôm sát, kết hợp cùng cổ trụ cao và tay dài mang hơi hướng hoàng gia, giúp tôn vinh triệt để những đường cong quyến rũ mà vẫn giữ trọn nét kín đáo, quý phái. Toàn bộ thân váy được đính kết ren họa tiết dây leo và sequin lấp lánh, tạo hiệu ứng ánh sáng mềm mại và mang lại chuyển động uyển chuyển, giúp cô dâu toả sáng rạng ngời trong từng khoảnh khắc.	1	available
31	Váy cưới công chúa voan tầng tinh khôi	4800000	products/vay_cuoi_voan_tang_chinh.jpg	5	Một thiết kế dành cho những nàng dâu yêu thích vẻ đẹp mong manh, thanh khiết như những áng mây. Chiếc váy sở hữu phom dáng Ball Gown với phần chân váy được tạo nên từ nhiều lớp voan lưới cao cấp xếp chồng lên nhau, tạo độ phồng xòe tự nhiên và sự uyển chuyển theo từng bước đi.\r\nĐiểm nhấn là phần cúp ngực đính ren nổi nhẹ nhàng, kết hợp cùng dải lụa thắt nơ tinh tế giúp tôn vinh vòng eo thon gọn. Đây là sự lựa chọn hoàn hảo cho không gian tiệc cưới ngoài trời hoặc phong cách lãng mạn, giúp nàng dâu toát lên vẻ đẹp dịu dàng và đầy nữ tính.	1	available
32	Váy cưới đại xòe đính đá cao cấp	4500000	products/vay_cuoi_dai_xoe_chinh.jpg	5	Biểu tượng của sự xa hoa và lộng lẫy dành cho nàng dâu trong ngày lễ trọng đại. Thiết kế gây choáng ngợp với phom dáng Ball Gown đại xòe đa lớp, tạo độ phồng hoàn hảo giúp nàng dâu tỏa sáng như một nữ hoàng bước ra từ thần thoại.\r\nToàn bộ thân váy là một tác phẩm nghệ thuật với kỹ thuật đính kết đá pha lê và cườm cao cấp trải dài từ ngực áo xuống tận chân tà, tạo hiệu ứng ánh sáng lấp lánh cực đại trong mỗi chuyển động. Phần cúp ngực tinh xảo kết hợp cùng tay voan bồng nhẹ nhàng điểm xuyết thêm nét thanh thoát, biến mọi khoảnh khắc trên lễ đường trở nên huyền ảo và khó quên.	1	available
33	Váy cưới công chúa thêu họa tiết hoàng gia	7000000	products/vay_cong_chua_thue_hoa_tiet_hoang_gia_chinh.jpg	5	Một tuyệt phẩm dành cho những nàng dâu yêu thích sự sang trọng và quyền quý. Chiếc váy gây ấn tượng mạnh với phom dáng Ball Gown bồng bềnh, được chế tác từ chất liệu vải cao cấp có độ bóng mờ sang trọng.\r\nĐiểm đắt giá nhất của thiết kế chính là các họa tiết thêu Baroque đối xứng chạy dọc thân váy, kết hợp cùng kỹ thuật đính đá và kim sa bắt sáng, tạo nên vẻ đẹp tinh xảo trong từng milimet. Phần cúp ngực trễ vai phối voan phồng nhẹ nhàng không chỉ giúp che khuyết điểm bắp tay mà còn tôn vinh nét kiêu sa, giúp nàng dâu tựa như một vị công chúa bước ra từ cung điện hoàng gia.	1	available
34	Royal Satin Minimalism	10000000	products/542138829_122251677722215044_5057861061735689125_n.jpg	12	Một tuyệt phẩm dành cho những nàng dâu yêu thích sự sang trọng, tinh tế và vẻ đẹp vượt thời gian. Chiếc váy gây ấn tượng mạnh với phom dáng Ball Gown bồng bềnh kinh điển, được chế tác từ chất liệu vải Satin Mikado cao cấp với độ bóng mờ đặc trưng, tạo nên vẻ ngoài quyền quý mà không cần đến những họa tiết cầu kỳ.\r\n\r\nĐiểm đắt giá nhất của thiết kế chính là đường cắt cúp cổ vuông sắc sảo kết hợp cùng dây áo bản to, giúp tôn vinh triệt để phần xương quai xanh thanh mảnh và bờ vai thon gọn của nàng dâu. Kỹ thuật xếp li tinh tế tại phần eo không chỉ tạo độ phồng hoàn hảo cho chân váy mà còn giúp định hình vòng eo con kiến, mang lại sự uyển chuyển trong từng bước đi. Khi kết hợp cùng phụ kiện găng tay cổ điển và khăn voan mỏng, nàng dâu sẽ hiện lên với phong thái kiêu sa, tựa như một vị công chúa trong lễ đường hoàng gia thế kỷ trước.	1	available
81	Váy cưới voan xòe đính ren hoa nổi	13800000	products/479926005_122196196892136444_387826654124206242_n.jpg	46	Mẫu váy mang đậm nét lãng mạn và cổ điển với phom dáng Ball Gown bồng bềnh tựa mây. Điểm nhấn đắt giá nhất của thiết kế nằm ở phần thân trên dạng corset xuyên thấu tinh tế giúp khoe khéo vòng eo thon, kết hợp cùng nghệ thuật đính kết hoa ren 3D trải dài từ cúp ngực xuống hông. Lớp tà váy voan mỏng nhẹ bay bổng giúp cô dâu hóa thân thành một nàng công chúa ngọt ngào, thanh lịch và e ấp trong ngày vui trọng đại. Đặc biệt hoàn hảo khi kết hợp cùng khăn voan đội đầu viền ren cổ điển.	5	available
36	Váy cưới công chúa thêu hoa nổi cổ yếm	8500000	products/514387489_122239888160215044_1615129895800885657_n_SYXaLCE.jpg	12	Một tuyệt phẩm dành cho những nàng dâu yêu thích sự sang trọng và quyền quý. Chiếc váy gây ấn tượng mạnh với phom dáng Ball Gown bồng bềnh, được chế tác từ chất liệu vải voan lưới (tulle) cao cấp có độ bồng bềnh và mềm mại tuyệt đối.\r\n\r\nĐiểm đắt giá nhất của thiết kế chính là các họa tiết thêu hoa ren đối xứng chạy dọc từ cổ xuống thân váy, kết hợp cùng kỹ thuật đính kết thủ công tinh xảo, tạo nên vẻ đẹp tinh xảo trong từng milimet. Phần cổ yếm (halter neck) thanh mảnh không chỉ giúp tôn vinh bờ vai thon gọn mà còn tạo hiệu ứng kéo dài cơ thể, giúp nàng dâu tựa như một vị công chúa bước ra từ cung điện hoàng gia. Sự kết hợp giữa lớp lót màu nude nhẹ và lớp voan trắng bên ngoài tạo nên một chiều sâu thị giác đầy lôi cuốn, mang đến vẻ đẹp vừa hiện đại vừa thoát tục cho ngày trọng đại.	1	available
35	Váy cưới Fairy Tale Xòe Tầng	9500000	products/510473945_122238102314215044_9166634500049936515_n.jpg	12	Một tuyệt phẩm dành cho những nàng dâu yêu thích sự sang trọng và quyền quý. Chiếc váy gây ấn tượng mạnh với phom dáng Ball Gown xếp tầng bồng bềnh, được chế tác từ chất liệu vải voan tơ cao cấp có độ bóng mờ sang trọng.\r\n\r\nĐiểm đắt giá nhất của thiết kế chính là các họa tiết thêu hoa 3D đối xứng chạy dọc thân váy, kết hợp cùng kỹ thuật đính đá và kim sa bắt sáng, tạo nên vẻ đẹp tinh xảo trong từng milimet. Thiết kế cúp ngực ngang phối cùng chân váy xòe rộng nhiều lớp không chỉ giúp tôn vinh vòng eo thon gọn mà còn mang lại nét kiêu sa, giúp nàng dâu tựa như một vị công chúa bước ra từ cung điện hoàng gia.	1	available
40	Váy cưới cổ yếm ren hoa Lavende	6900000	products/540488459_1384433433687427_8749835022980365205_n.jpg	13	Một tuyệt phẩm dành cho những nàng dâu yêu thích sự sang trọng và quyền quý. Chiếc váy gây ấn tượng mạnh với phom dáng A-line xòe rộng nhẹ nhàng, được chế tác từ chất liệu vải phủ kim sa cao cấp có độ lấp lánh ẩn hiện vô cùng sang trọng. Điểm đắt giá nhất của thiết kế chính là cấu trúc corset định hình ở phần thân trên với những đường gân đối xứng tinh tế, tạo nên vẻ đẹp tinh xảo trong từng milimet. Phần cúp ngực ngang tối giản không chỉ giúp tôn vinh làn da trắng mịn mà còn tôn vinh nét kiêu sa, giúp nàng dâu tựa như một vị công chúa bước ra từ cung điện hoàng gia dưới ánh đèn lung linh của lễ đường.	1	available
37	Váy công chúa xếp nếp nghệ thuật	9800000	products/624589452_1524853796312056_4773423667833387373_n_3N89Nrk.jpg	13	Một tuyệt phẩm dành cho những nàng dâu yêu thích sự sang trọng và quyền quý. Chiếc váy gây ấn tượng mạnh với phom dáng Ball Gown bồng bềnh chuẩn mực, được chế tác từ chất liệu vải Satin Mikado cao cấp có độ bóng mờ sang trọng và khả năng giữ phom hoàn hảo.\r\n\r\nĐiểm đắt giá nhất của thiết kế chính là kỹ thuật xếp nếp (draping) thủ công đầy nghệ thuật tại phần ngực quây ngang, tạo nên những đường vân tinh tế chạy đối xứng, mang đến vẻ đẹp tinh xảo trong từng milimet. Phần eo được siết chặt tối đa phối cùng chân váy xòe rộng với các nếp gấp lớn không chỉ giúp tôn vinh vòng eo thon gọn mà còn mang lại nét kiêu sa, giúp nàng dâu tựa như một vị công chúa bước ra từ cung điện hoàng gia. Sự tối giản trong họa tiết nhưng đỉnh cao trong kỹ thuật dựng phom chính là chìa khóa tạo nên sức hút khó cưỡng cho thiết kế này.	1	available
39	Váy cưới công chúa tay dài ren trễ vai	7500000	products/605125173_1492906746173428_4884876882720818395_n.jpg	13	Một tuyệt phẩm dành cho những nàng dâu yêu thích sự sang trọng và quyền quý. Chiếc váy gây ấn tượng mạnh với phom dáng Ball Gown bồng bềnh, được chế tác từ chất liệu vải ren (lace) cao cấp có độ bóng mờ sang trọng. Điểm đắt giá nhất của thiết kế chính là các họa tiết thêu hoa ren đối xứng chạy dọc từ ngực xuống thân váy, kết hợp cùng kỹ thuật đính đá và kim sa bắt sáng, tạo nên vẻ đẹp tinh xảo trong từng milimet. Phần cổ trễ vai phối tay dài xuyên thấu nhẹ nhàng không chỉ giúp che khuyết điểm bắp tay mà còn tôn vinh nét kiêu sa, giúp nàng dâu tựa như một vị công chúa bước ra từ cung điện hoàng gia.	1	available
42	Váy cưới Thiên Nga	11000000	products/624539788_1361066295708427_5853486716107700002_n_yKS6rMO.jpg	14	Một tuyệt phẩm dành cho những nàng dâu yêu thích sự sang trọng và quyền quý. Chiếc váy gây ấn tượng mạnh với phom dáng Ball Gown bồng bềnh chuẩn mực, được chế tác từ chất liệu vải Satin Mikado cao cấp có độ bóng mờ sang trọng và khả năng giữ phom hoàn hảo. Điểm đắt giá nhất của thiết kế chính là kỹ thuật xếp nếp draping thủ công đầy nghệ thuật tại phần ngực quây ngang, tạo nên những đường vân tinh tế chạy đối xứng, mang đến vẻ đẹp tinh xảo trong từng milimet. Phần eo được siết chặt tối đa phối cùng chân váy xòe rộng với các nếp gấp lớn không chỉ giúp tôn vinh vòng eo thon gọn mà còn mang lại nét kiêu sa, giúp nàng dâu tựa như một vị công chúa bước ra từ cung điện hoàng gia.	1	available
41	Váy cưới Ngọc Lan	9500000	products/616941213_1353598929788497_509415358210336148_n.jpg	14	Một tuyệt phẩm dành cho những nàng dâu yêu thích sự sang trọng và quyền quý. Chiếc váy gây ấn tượng mạnh với phom dáng Ball Gown thanh thoát, được chế tác từ chất liệu vải voan lưới kết hợp ren cao cấp có độ bóng mờ sang trọng. Điểm đắt giá nhất của thiết kế chính là các họa tiết thêu hoa ren đối xứng chạy dọc từ cổ xuống thân váy, kết hợp cùng kỹ thuật đính đá li ti bắt sáng, tạo nên vẻ đẹp tinh xảo trong từng milimet. Phần cổ yếm kín đáo nhưng quyến rũ không chỉ giúp tôn vinh bờ vai thon mà còn tôn vinh nét kiêu sa, giúp nàng dâu tựa như một vị công chúa bước ra từ cung điện hoàng gia.	1	available
43	Váy cưới công chúa voan tầng tinh khôi	12500000	products/622393559_1359603989187991_3625658444686624565_n.jpg	14	Một tuyệt phẩm dành cho những nàng dâu yêu thích sự sang trọng và quyền quý. Chiếc váy gây ấn tượng mạnh với phom dáng xòe tầng (Tiered) bồng bềnh, được chế tác từ nhiều lớp voan lưới cao cấp có độ bóng mờ sang trọng. Điểm đắt giá nhất của thiết kế chính là kỹ thuật xếp tầng đối xứng và các họa tiết thêu hoa ẩn hiện bắt sáng, tạo nên vẻ đẹp tinh xảo trong từng milimet. Phần cúp ngực ngang phối cùng khăn voan dài bay bổng không chỉ mang lại vẻ lộng lẫy mà còn tôn vinh nét kiêu sa, giúp nàng dâu tựa như một vị công chúa bước ra từ cung điện hoàng gia.	1	available
44	Váy cưới đại xòe đính đá cao cấp	13000000	products/588970340_122147010362647099_4406709822142960399_n.jpg	16	Một tuyệt phẩm dành cho những nàng dâu yêu thích sự sang trọng và quyền quý. Chiếc váy gây ấn tượng mạnh với phom dáng Ball Gown đại xòe bồng bềnh, được chế tác từ chất liệu vải voan lưới cao cấp có độ bắt sáng và bóng mờ sang trọng.\r\n\r\nĐiểm đắt giá nhất của thiết kế chính là cấu trúc corset định hình ở phần thân trên, kết hợp cùng kỹ thuật đính đá và kim sa bắt sáng tinh xảo dọc theo phần ngực, tạo nên vẻ đẹp rạng ngời trong từng milimet. Phần cúp ngực quây phối cùng chân váy xếp tầng bồng bềnh nhiều lớp không chỉ giúp tôn vinh vòng eo thon gọn mà còn mang lại nét kiêu sa, giúp nàng dâu tựa như một vị công chúa bước ra từ cung điện hoàng gia.	1	available
45	Váy cưới công chúa Satin Isabelle	10000000	products/605779887_122149201940647099_6452616249201265240_n.jpg	16	Một tuyệt phẩm dành cho những nàng dâu yêu thích sự sang trọng và quyền quý. Chiếc váy gây ấn tượng mạnh với phom dáng Ball Gown bồng bềnh chuẩn mực, được chế tác từ chất liệu vải Satin cao cấp có độ bóng mờ sang trọng và khả năng giữ phom hoàn hảo.\r\n\r\nĐiểm đắt giá nhất của thiết kế chính là các họa tiết thêu ren tinh xảo đối xứng chạy dọc một bên thân váy và phần ngực quây ngang, tạo nên vẻ đẹp tinh xảo trong từng milimet. Phần eo được siết chặt tối đa phối cùng chân váy xòe rộng với các nếp gấp lớn không chỉ giúp tôn vinh vòng eo thon gọn mà còn mang lại nét kiêu sa, giúp nàng dâu tựa như một vị công chúa bước ra từ cung điện hoàng gia.	1	available
47	Váy cúp ngực phủ ren họa tiết lá	8100000	products/590397712_122147234264647099_8873982392379353200_n_4RVgoU3.jpg	16	Một tuyệt phẩm dành cho những nàng dâu yêu thích sự sang trọng và quyền quý. Chiếc váy gây ấn tượng mạnh với phom dáng Ball Gown bồng bềnh đại xòe, được chế tác từ chất liệu vải voan lưới cao cấp phủ ren họa tiết toàn thân có độ bóng mờ sang trọng.\r\n\r\nĐiểm đắt giá nhất của thiết kế chính là các họa tiết thêu ren hình lá và hoa đối xứng chạy dọc từ ngực áo đến hết chân váy, kết hợp cùng kỹ thuật đính kết thủ công bắt sáng, tạo nên vẻ đẹp tinh xảo trong từng milimet. Phần cúp ngực tim cách điệu phối cùng chân váy xòe rộng không chỉ giúp tôn vinh vòng eo thon gọn mà còn tôn vinh nét kiêu sa, giúp nàng dâu tựa như một vị công chúa bước ra từ cung điện hoàng gia.	1	available
50	Váy cưới công chúa đính kim sa lấp lánh	10000000	products/577542642_879344687926578_8853436993991422558_n.jpg	15	Một tuyệt phẩm dành cho những nàng dâu yêu thích sự sang trọng và quyền quý. Chiếc váy gây ấn tượng mạnh với phom dáng Ball Gown đại xòe bồng bềnh, được chế tác từ chất liệu vải voan phủ kim sa cao cấp có độ bắt sáng rực rỡ dưới ánh đèn lễ đường.Điểm đắt giá nhất của thiết kế chính là các đường gân corset đối xứng tại phần thân trên kết hợp cùng kỹ thuật đính đá và kim sa bắt sáng, tạo nên vẻ đẹp tinh xảo trong từng milimet. Phần cổ trễ vai phối voan phồng nhẹ nhàng không chỉ giúp che khuyết điểm bắp tay mà còn tôn vinh nét kiêu sa, giúp nàng dâu tựa như một vị công chúa bước ra từ cung điện hoàng gia trong một đêm tiệc đầy sao.	6	available
48	Váy cưới Urban Queen	7500000	products/611992996_930253322835714_8347574497331039077_n.jpg	15	Một tuyệt phẩm dành cho những nàng dâu yêu thích sự sang trọng và quyền quý nhưng vẫn muốn khẳng định cá tính riêng biệt. Chiếc váy gây ấn tượng mạnh với phom dáng Mullet cách điệu kết hợp cùng tùng váy xếp nếp 3D nghệ thuật, được chế tác từ chất liệu vải Satin cao cấp có độ bóng mờ sang trọng.Điểm đắt giá nhất của thiết kế chính là cấu trúc xếp nếp đối xứng chạy dọc thân váy, kết hợp cùng kỹ thuật dựng phom đứng dáng, tạo nên vẻ đẹp tinh xảo trong từng milimet. Phần ngực quây tối giản phối cùng găng tay ren xuyên thấu nhẹ nhàng không chỉ giúp che khuyết điểm mà còn tôn vinh nét kiêu sa, giúp nàng dâu tựa như một vị công chúa bước ra từ cung điện hoàng gia nhưng mang đầy hơi thở của thời đại mới.	8	available
55	Váy cưới công chúa Flora Sparkle	9500000	products/480702220_662932219731820_4366307546128736867_n.jpg	17	Một tuyệt phẩm dành cho những nàng dâu yêu thích sự sang trọng và quyền quý. Chiếc váy gây ấn tượng mạnh với phom dáng Ball Gown bồng bềnh, được chế tác từ chất liệu vải voan phủ kim sa cao cấp có độ bắt sáng nhẹ nhàng và bóng mờ sang trọng.Điểm đắt giá nhất của thiết kế chính là các họa tiết hoa ren 3D đối xứng chạy dọc từ ngực xuống thân váy, kết hợp cùng kỹ thuật đính đá và kim sa bắt sáng, tạo nên vẻ đẹp tinh xảo trong từng milimet. Thiết kế cúp ngực ngang tối giản phối cùng chân váy xòe rộng nhiều lớp không chỉ giúp tôn vinh vòng eo thon gọn mà còn tôn vinh nét kiêu sa, giúp nàng dâu tựa như một vị công chúa bước ra từ cung điện hoàng gia dưới ánh đèn lung linh của lễ đường.	4	available
54	Váy cưới công chúa kim sa tay loe	12500000	products/480922852_662936769731365_4601348456646249969_n.jpg	17	Một tuyệt phẩm dành cho những nàng dâu yêu thích sự sang trọng và quyền quý. Chiếc váy gây ấn tượng mạnh với phom dáng Ball Gown đại xòe bồng bềnh, được chế tác từ chất liệu vải voan phủ kim sa cao cấp có độ bắt sáng rực rỡ, lấp lánh như hàng vạn vì sao.Điểm đắt giá nhất của thiết kế chính là phần tay áo loe rộng xuyên thấu đầy kiêu sa, kết hợp cùng kỹ thuật đính đá và kim sa đối xứng chạy dọc thân váy, tạo nên vẻ đẹp tinh xảo trong từng milimet. Phần cổ vuông hiện đại phối cùng vương miện đính đá không chỉ giúp tôn vinh nét đài các mà còn giúp nàng dâu tựa như một vị công chúa bước ra từ cung điện hoàng gia.	3	available
53	Váy cưới lụa trễ vai phối ren tay dài	6000000	products/542266044_811303144894726_923872387849562371_n.jpg	17	Một tuyệt phẩm dành cho những nàng dâu yêu thích sự sang trọng và quyền quý. Chiếc váy gây ấn tượng mạnh với phom dáng chữ A thanh thoát, được chế tác từ chất liệu lụa cao cấp có độ bóng mờ sang trọng và mềm mại.Điểm đắt giá nhất của thiết kế chính là kỹ thuật xếp nếp (draping) tinh tế tại phần ngực trễ vai, tạo nên vẻ đẹp tinh xảo trong từng milimet. Phần tay dài xuyên thấu thêu ren hoa đối xứng không chỉ giúp che khuyết điểm bắp tay mà còn tôn vinh nét kiêu sa, giúp nàng dâu tựa như một vị công chúa bước ra từ cung điện hoàng gia. Chi tiết thắt nơ nghệ thuật bên hông tạo điểm nhấn duyên dáng, mang lại sự kết hợp hoàn hảo giữa vẻ đẹp cổ điển và hiện đại.	4	available
91	Váy cưới Ball Gown tay dài corset đính ren hoa dọc	15200000	products/665930806_970882115507101_7720938408081249357_n.jpg	35	Thiết kế sử dụng phom dáng Ball Gown xòe phồng, với tùng váy được may từ nhiều lớp voan dệt kim tuyến giúp bắt sáng tốt dưới ánh đèn. Cấu trúc thân trên áp dụng kỹ thuật may corset lộ gọng giúp định hình và siết gọn vòng eo. Lớp lưới xuyên thấu ở phần cổ và tay dài được đính rải rác họa tiết ren, hỗ trợ che khuyết điểm vai và bắp tay hiệu quả. Chi tiết trang trí chủ đạo là dải hoa ren 3D đính dọc từ eo lượn xuống giữa tùng váy, tạo điểm nhấn cân đối. Phom váy lớn mang tính ứng dụng cao, đặc biệt phù hợp cho các không gian tiệc cưới rộng.	3	available
63	Váy cưới công chúa kim sa hoàng gia	15000000	products/z7506079978805_ddbc693e51567c6071a117ddbb605a84.jpg	33	Chiếc váy gây ấn tượng mạnh với phom dáng Ball Gown đại xòe bồng bềnh, được chế tác từ chất liệu vải phủ kim sa cao cấp có độ bắt sáng rực rỡ dưới ánh đèn lễ đường.Điểm đắt giá nhất của thiết kế chính là các họa tiết thêu đính đá đối xứng theo đường nét hình học chạy dọc thân váy, kết hợp cùng kỹ thuật đính kết thủ công tinh xảo, tạo nên vẻ đẹp tinh xảo trong từng milimet.Phần cúp ngực trái tim quyến rũ không chỉ giúp tôn vinh vòng eo thon gọn mà còn mang lại nét kiêu sa, giúp nàng dâu tựa như một vị công chúa bước ra từ cung điện hoàng gia.	0	available
62	Váy cưới công chúa kim sa họa tiết hình học	14000000	products/z7506079675069_a584f08ad22dfc1657ca7a51c5262d34.jpg	33	Một tuyệt phẩm dành cho những nàng dâu yêu thích sự sang trọng và quyền quý.Chiếc váy gây ấn tượng mạnh với phom dáng Ball Gown đại xòe bồng bềnh, được chế tác từ chất liệu vải phủ kim sa cao cấp có độ bắt sáng rực rỡ dưới ánh đèn lễ đường.Điểm đắt giá nhất của thiết kế chính là các họa tiết thêu đính đá đối xứng theo đường nét hình học chạy dọc thân váy, kết hợp cùng kỹ thuật đính kết thủ công tinh xảo, tạo nên vẻ đẹp tinh xảo trong từng milimet.Phần cúp ngực trái tim quyến rũ không chỉ giúp tôn vinh vòng eo thon gọn mà còn mang lại nét kiêu sa, giúp nàng dâu tựa như một vị công chúa bước ra từ cung điện hoàng gia.	10	available
61	Váy cưới công chúa Satin đính kết tua rua	9500000	products/623679629_1497231241967958_2431364145226891656_n.jpg	31	Một tuyệt phẩm dành cho những nàng dâu yêu thích sự sang trọng và quyền quý. Chiếc váy gây ấn tượng mạnh với phom dáng Ball Gown bồng bềnh chuẩn mực, được chế tác từ chất liệu vải Satin cao cấp có độ bóng mờ sang trọng và khả năng giữ phom hoàn hảo.Điểm đắt giá nhất của thiết kế chính là kỹ thuật đính kết tua rua bằng đá và ngọc trai bắt sáng tại phần ngực, tạo nên vẻ đẹp tinh xảo trong từng milimet. Phần cúp ngực trái tim phối cùng chi tiết nơ lớn cách điệu tại eo không chỉ giúp tôn vinh vòng eo thon gọn mà còn mang lại nét kiêu sa, giúp nàng dâu tựa như một vị công chúa bước ra từ cung điện hoàng gia.	7	available
60	Váy cưới công chúa Satin thắt nơ thủ công	13000000	products/617231361_1490574115967004_6277206950441272086_n.jpg	31	Một tuyệt phẩm dành cho những nàng dâu yêu thích sự sang trọng và quyền quý. Chiếc váy gây ấn tượng mạnh với phom dáng Ball Gown bồng bềnh chuẩn mực, được chế tác từ chất liệu vải Satin cao cấp có độ bóng mờ sang trọng và khả năng giữ phom hoàn hảo.Điểm đắt giá nhất của thiết kế chính là các chi tiết thắt nơ đối xứng chạy dọc thân váy và phần ngực, phối cùng kỹ thuật đính kết ngọc trai tinh xảo, tạo nên vẻ đẹp tinh xảo trong từng milimet. Phần cổ trễ vai phối dây đá lấp lánh không chỉ giúp che khuyết điểm bắp tay mà còn tôn vinh nét kiêu sa, giúp nàng dâu tựa như một vị công chúa bước ra từ cung điện hoàng gia.	4	available
59	Váy cưới công chúa ren toàn thân trễ vai	10500000	products/616048235_1486590816365334_749382077948950989_n.jpg	31	Một tuyệt phẩm dành cho những nàng dâu yêu thích sự sang trọng và quyền quý. Chiếc váy gây ấn tượng mạnh với phom dáng Ball Gown bồng bềnh đại xòe, được chế tác từ chất liệu vải ren cao cấp có độ bóng mờ sang trọng.Điểm đắt giá nhất của thiết kế chính là các họa tiết thêu ren hoa đối xứng chạy dọc từ ngực áo bao phủ toàn bộ thân váy, kết hợp cùng kỹ thuật đính kết thủ công bắt sáng, tạo nên vẻ đẹp tinh xảo trong từng milimet. Phần cúp ngực phối trễ vai ren hoa không chỉ giúp che khuyết điểm bắp tay mà còn tôn vinh nét kiêu sa, giúp nàng dâu tựa như một vị công chúa bước ra từ cung điện hoàng gia.	2	available
56	Váy cưới công chúa Butterfly Dream	13500000	products/619670135_1455273332623793_8296886315154692417_n.jpg	30	Một tuyệt phẩm dành cho những nàng dâu yêu thích sự sang trọng và quyền quý. Chiếc váy gây ấn tượng mạnh với phom dáng Ball Gown đại xòe bồng bềnh, được chế tác từ chất liệu vải voan lưới cao cấp phủ kim sa lấp lánh.Điểm đắt giá nhất của thiết kế chính là hàng ngàn họa tiết cánh bướm 3D đối xứng được đính kết thủ công tỉ mỉ chạy dọc toàn thân váy, kết hợp cùng cấu trúc corset định hình ôm sát, tạo nên vẻ đẹp tinh xảo trong từng milimet. Phần cổ yếm thanh mảnh kết hợp cùng chân váy xòe rộng không chỉ tôn vinh bờ vai thon mà còn mang lại nét kiêu sa, giúp nàng dâu tựa như một vị công chúa bước ra từ cung điện hoàng gia giữa một rừng hoa bướm.	6	available
58	Váy cưới công chúa ren pháp trường phái cổ điển	15500000	products/619556656_1455280942623032_1191511482782768493_n.jpg	30	Một tuyệt phẩm dành cho những nàng dâu yêu thích sự sang trọng và quyền quý. Chiếc váy gây ấn tượng mạnh với phom dáng Ball Gown đại xòe bồng bềnh, được chế tác từ chất liệu vải ren Pháp cao cấp kết hợp cùng voan lưới có độ bóng mờ sang trọng.Điểm đắt giá nhất của thiết kế chính là các họa tiết thêu ren hoa đối xứng chạy dọc từ ngực áo đến hết chân váy, kết hợp cùng kỹ thuật đính kết thủ công bắt sáng, tạo nên vẻ đẹp tinh xảo trong từng milimet. Phần cổ tim quyến rũ phối cùng tay dài ren xuyên thấu tinh tế không chỉ giúp che khuyết điểm bắp tay mà còn tôn vinh nét kiêu sa, giúp nàng dâu tựa như một vị công chúa bước ra từ cung điện hoàng gia.	2	available
65	Váy cưới cổ yếm tùng váy xếp nếp 3D	12300000	products/z7506081520656_8274669b5f37dfc2a939d72ee889b341.jpg	34	Một tuyệt phẩm dành cho những nàng dâu yêu thích sự sang trọng và quyền quý nhưng vẫn muốn khẳng định phong cách thời trang độc bản. Chiếc váy gây ấn tượng mạnh với phom dáng đại xòe bồng bềnh, được chế tác từ chất liệu vải lụa cao cấp có độ bóng mờ sang trọng và khả năng giữ phom hoàn hảo.\r\n\r\nĐiểm đắt giá nhất của thiết kế chính là phần cổ yếm thêu ren tinh xảo kết hợp cùng tùng váy được tạo hình bằng kỹ thuật xếp nếp 3D đối xứng thủ công, tạo nên vẻ đẹp tinh xảo trong từng milimet. Thiết kế hở lưng quyến rũ phối cùng chân váy xếp tầng nghệ thuật không chỉ giúp tôn vinh vòng eo thon gọn mà còn mang lại nét kiêu sa, giúp nàng dâu tựa như một vị công chúa bước ra từ cung điện hoàng gia.	1	available
67	Váy cưới công chúa Satin trễ vai tùng bí	11000000	products/z7506773725324_6bd878df1b821b89577abdd80c038578.jpg	34	Một tuyệt phẩm dành cho những nàng dâu yêu thích sự sang trọng và quyền quý theo phong cách tối giản nhưng đầy tính nghệ thuật.Chiếc váy gây ấn tượng mạnh với phom dáng Ball Gown bồng bềnh, được chế tác từ chất liệu vải lụa Satin cao cấp có độ bóng mờ sang trọng và khả năng giữ phom hoàn hảo.Điểm đắt giá nhất của thiết kế chính là cấu trúc corset siết eo đối xứng phối cùng kỹ thuật tạo hình tùng váy bí (bubble hem) đại xòe, mang đến vẻ đẹp tinh xảo trong từng milimet.Phần cổ trễ vai phối nơ xinh xắn không chỉ giúp tôn vinh vòng eo thon gọn mà còn mang lại nét kiêu sa, giúp nàng dâu tựa như một vị công chúa bước ra từ cung điện hoàng gia.	1	available
68	Váy cưới công chúa kim sa tinh khôi	13500000	products/584293085_869738265807461_2523829914018937420_n.jpg	32	Một tuyệt phẩm dành cho những nàng dâu yêu thích sự sang trọng và quyền quý. Chiếc váy gây ấn tượng mạnh với phom dáng Ball Gown bồng bềnh chuẩn mực, được chế tác từ chất liệu vải voan cao cấp phủ kim sa có độ bóng mờ sang trọng.Điểm đắt giá nhất của thiết kế chính là các họa tiết thêu đính đá và kim sa đối xứng chạy dọc thân váy, kết hợp cùng kỹ thuật đính kết thủ công bắt sáng, tạo nên vẻ đẹp tinh xảo trong từng milimet. Thiết kế cúp ngực ngang tối giản phối cùng chân váy xòe rộng đại xòe không chỉ giúp tôn vinh vòng eo thon gọn mà còn mang lại nét kiêu sa, giúp nàng dâu tựa như một vị công chúa bước ra từ cung điện hoàng gia.	6	available
66	Váy cưới lụa Satin phối ren cổ cao	8900000	products/z7506082629310_f6b4987cb550818b5a24b802af41dd7a.jpg	34	Một tuyệt phẩm dành cho những nàng dâu yêu thích sự sang trọng và quyền quý theo phong cách cổ điển.Chiếc váy gây ấn tượng mạnh với phom dáng suông thanh thoát, được chế tác từ chất liệu lụa Satin cao cấp có độ bóng mờ sang trọng phối cùng ren Pháp tinh xảo.Điểm đắt giá nhất của thiết kế chính là phần thân trên bằng ren xuyên thấu với cổ cao quý phái, kết hợp cùng kỹ thuật xếp nếp (draping) thủ công tại phần hông tạo điểm nhấn đối xứng, mang đến vẻ đẹp tinh xảo trong từng milimet.Thiết kế tay dài ren phối cùng chân váy lụa mềm mại không chỉ giúp tôn vinh vòng eo thon gọn mà còn mang lại nét kiêu sa, giúp nàng dâu tựa như một vị công chúa bước ra từ cung điện hoàng gia.	2	available
92	Váy cưới Ball Gown tầng xếp lấp lánh corset đính đá cao cấp	13500000	products/634159218_1250953463800355_4231152751781568753_n.jpg	33	Thiết kế công chúa nổi bật với phom dáng Ball Gown nhiều tầng xếp bồng bềnh, thân corset ôm sát đính đá tinh xảo, mang lại vẻ đẹp kiêu sa và lộng lẫy cho cô dâu trong ngày trọng đại.	2	available
57	Váy cưới công chúa Satin tùng bí	11800000	products/623265070_1455153209302472_2707406890021847208_n_uSoI14h.jpg	30	Một tuyệt phẩm dành cho những nàng dâu yêu thích sự sang trọng và quyền quý. Chiếc váy gây ấn tượng mạnh với phom dáng Ball Gown bồng bềnh chuẩn mực, được chế tác từ chất liệu vải Satin Mikado cao cấp có độ bóng mờ sang trọng và khả năng giữ phom hoàn hảo.Điểm đắt giá nhất của thiết kế chính là kỹ thuật tạo hình tùng váy bí (bubble hem) lạ mắt ở phần eo, tạo nên những đường vân tinh tế chạy đối xứng, mang đến vẻ đẹp tinh xảo trong từng milimet. Phần ngực quây tối giản phối cùng chân váy xòe rộng đại xòe không chỉ giúp tôn vinh vòng eo thon gọn mà còn mang lại nét kiêu sa, giúp nàng dâu tựa như một vị công chúa bước ra từ cung điện hoàng gia.	5	available
52	Váy cưới công chúa dáng đính đá pha lê	16000000	products/577831348_881643281030052_168161981014979791_n_sgz8fWM.jpg	15	Một tuyệt phẩm dành cho những nàng dâu yêu thích sự sang trọng và quyền quý. Chiếc váy gây ấn tượng mạnh với phom dáng Ball Gown bồng bềnh, được chế tác từ chất liệu vải ren Pháp cao cấp phủ lớp voan lưới có độ bóng mờ sang trọng.Điểm đắt giá nhất của thiết kế chính là các họa tiết thêu hoa ren đối xứng chạy dọc từ ngực xuống thân váy, kết hợp cùng kỹ thuật đính đá và kim sa bắt sáng, tạo nên vẻ đẹp tinh xảo trong từng milimet. Phần cúp ngực trái tim quyến rũ phối cùng tay dài ren xuyên thấu tinh tế không chỉ giúp che khuyết điểm bắp tay mà còn tôn vinh nét kiêu sa, giúp nàng dâu tựa như một vị công chúa bước ra từ cung điện hoàng gia.	3	available
80	Váy cưới công chúa kim sa cúp ngực Corset	14500000	products/490771682_122205639908136444_4882994186434844424_n.jpg	46	Trở thành tâm điểm của mọi ánh nhìn với mẫu váy cưới công chúa mang vẻ đẹp lộng lẫy và kiêu kỳ. Phần thân trên được thiết kế theo phom dáng corset đính kết tinh xảo, giúp siết eo thon gọn và nâng đỡ vòng một hoàn hảo. Chân váy xòe bồng bềnh được may từ nhiều lớp voan cao cấp phủ kim sa lấp lánh, tạo hiệu ứng bắt sáng tuyệt đẹp trong từng nhịp bước. Đây là tuyệt phẩm dành riêng cho cô dâu muốn hóa thân thành nàng công chúa rực rỡ nhất trong đêm tiệc.	3	available
71	Váy cưới công chúa kim sa ánh bạc	14700000	products/581938718_859276626667651_5773542330917472441_n.jpg	35	Chiếc váy gây ấn tượng mạnh với phom dáng Ball Gown đại xòe bồng bềnh, chất liệu vải phủ kim sa cao cấp có độ bắt sáng cực mạnh dưới ánh đèn sân khấu, hàng triệu hạt kim sa bạc đối xứng được đính kết thủ công tỉ mỉ toàn thân váy, kết hợp cùng kỹ thuật bắt sáng đỉnh cao.	5	available
82	Váy cưới công chúa tay dài cổ trụ viền ren	9500000	products/475115753_122193332096136444_5756573850084359874_n.jpg	46	Lấy cảm hứng từ những đám cưới Hoàng gia, mẫu váy mang vẻ đẹp cổ điển, kín đáo nhưng cực kỳ thu hút. Phần thân trên nổi bật với thiết kế cổ trụ và tay dài xuyên thấu, được thêu đính hàng trăm họa tiết ren hoa cầu kỳ, tinh xảo ôm sát đường cong cơ thể. Sự kết hợp tinh tế cùng tà váy xòe bồng Ball Gown may từ nhiều lớp voan kim tuyến nhuyễn mang lại hiệu ứng bắt sáng nhẹ nhàng, thanh tao. Đây là lựa chọn tôn lên khí chất đài các, thanh lịch tuyệt đối cho cô dâu trong những không gian tiệc cưới trang trọng.	8	available
70	Váy cưới công chúa tinh tú	10800000	products/538466223_797842356330386_6372206251839730463_n.jpg	32	Chất liệu vải voan cao cấp phủ kim sa và đá quý có độ bắt sáng rực rỡ dưới ánh đèn lễ đường, hàng ngàn viên đá nhỏ đối xứng được đính kết thủ công tỉ mỉ toàn thân váy.	5	available
69	Váy cưới công chúa ren hoa Moonlight	12500000	products/555168941_825009103613711_2352329401553218935_n.jpg	32	Một tuyệt phẩm dành cho những nàng dâu yêu thích sự sang trọng và quyền quý. Chiếc váy gây ấn tượng mạnh với phom dáng Ball Gown bồng bềnh chuẩn mực, được chế tác từ chất liệu vải voan cao cấp kết hợp cùng họa tiết ren thêu tay có độ bóng mờ sang trọng.Điểm đắt giá nhất của thiết kế chính là các họa tiết hoa ren nổi đối xứng chạy dọc từ ngực xuống thân váy, kết hợp cùng kỹ thuật đính kết thủ công bắt sáng, tạo nên vẻ đẹp tinh xảo trong từng milimet. Thiết kế cúp ngực ngang phối cùng chân váy xòe rộng đại xòe không chỉ giúp tôn vinh vòng eo thon gọn mà còn mang lại nét kiêu sa, giúp nàng dâu tựa như một vị công chúa bước ra từ cung điện hoàng gia dưới ánh đèn lung linh của lễ đường.	2	available
64	Váy cưới công chúa đính lông vũ thủ công	10900000	products/z7506080588345_ffca1ce9dc96da30ee487d6f78cc8059.jpg	33	Một tuyệt phẩm dành cho những nàng dâu yêu thích sự sang trọng và quyền quý nhưng vẫn muốn tìm kiếm sự độc bản. Chiếc váy gây ấn tượng mạnh với phom dáng Ball Gown đại xòe, được chế tác từ sự kết hợp phá cách giữa chất liệu lông vũ mềm mại và đá quý bắt sáng.Điểm đắt giá nhất của thiết kế chính là phần chân váy được phủ kín bằng hàng ngàn sợi lông vũ trắng muốt tạo hiệu ứng bồng bềnh như mây, kết hợp cùng kỹ thuật đính đá corset đối xứng tại phần ngực, tạo nên vẻ đẹp tinh xảo trong từng milimet. Thiết kế trễ vai với các dải đá rủ nhẹ nhàng không chỉ giúp tôn vinh bờ vai thon mà còn mang lại nét kiêu sa, giúp nàng dâu tựa như một vị công chúa bước ra từ cung điện hoàng gia.	3	available
73	Váy cưới công chúa ren hoa đuôi dài	16000000	products/505896463_733775969217718_4833545555702944681_n.jpg	35	Thiết kế cúp ngực quyến rũ phối cùng găng tay ren xuyên thấu và khăn voan dài không chỉ giúp tôn vinh nét kiêu sa mà còn giúp nàng dâu tựa như một vị công chúa bước ra từ cung điện hoàng gia giữa không gian lễ đường cổ kính.	4	available
72	Váy cưới công chúa ren hoa phối tay voan xếp ly	9200000	products/538025494_792474813347833_7724202867212867440_n.jpg	35	Chiếc váy gây ấn tượng mạnh với phom dáng Ball Gown xòe rộng, được chế tác từ chất liệu vải ren thêu hoa tinh xảo trên nền voan lưới cao cấp.Điểm đắt giá nhất của thiết kế chính là phần tay rời phối voan xếp ly (plissé) đại xòe đối xứng, kết hợp cùng thân áo corset thêu ren nổi, tạo nên vẻ đẹp tinh xảo trong từng milimet.	9	available
83	Váy cưới cổ yếm satin đính hoa nổi 3D	8900000	products/481182812_122198432102136444_1342088805297852524_n.jpg	46	Vẻ đẹp thanh lịch vượt thời gian được tái hiện hoàn hảo trong mẫu váy cưới cổ yếm satin cao cấp này. Thiết kế cổ yếm kín đáo nhưng vẫn khoe khéo bờ vai trần mảnh mai, được điểm xuyết bởi những chi tiết hoa nổi 3D và ren thêu tinh xảo. Chất liệu satin trơn bóng với độ rủ tự nhiên được xử lý bằng kỹ thuật xếp nếp (draping) tinh tế ở phần hông, tạo điểm nhấn đầy cuốn hút. Chuỗi hoa nổi chạy dọc phần xếp nếp ở phía trước váy làm tăng thêm sự nữ tính và trang nhã. Phom dáng chữ A xòe nhẹ cùng phần đuôi váy dài thướt tha mang đến vẻ ngoài đài các và quý phái. Đây là lựa chọn lý tưởng cho cô dâu yêu thích phong cách tối giản nhưng không kém phần sang trọng và đẳng cấp.	12	available
84	Váy cưới công chúa trễ vai thêu ren cổ điển	11000000	products/663200028_1530492365345972_2530740530487939609_n.jpg	50	Hiện thực hóa giấc mơ cổ tích của mọi cô gái với thiết kế váy cưới xòe bồng lộng lẫy mang âm hưởng Hoàng gia châu Âu. Điểm sáng của bộ váy nằm ở phần cổ trễ vai kết hợp cúp ngực trái tim ngọt ngào, khoe trọn vẹn xương quai xanh quyến rũ và vòng một đầy đặn, đồng thời che đi khuyết điểm bắp tay một cách tinh tế. Toàn bộ thân váy được may từ hàng chục lớp voan mỏng nhẹ, phủ lên trên là những dải họa tiết ren thêu tay nổi 3D và pha lê lấp lánh chạy dọc xuống tận chân váy. Chiếc váy là sự lựa chọn hoàn hảo để cô dâu tỏa sáng rực rỡ nhất khi bước lên lễ đường hoặc chụp ảnh trong những không gian lãng mạn.	6	available
85	Váy cưới đuôi cá tay dài phủ ren Pháp	12800000	products/498172293_1263701872025024_3513652529601957701_n.jpg	50	Mang đậm hơi thở lãng mạn và cổ điển, tuyệt tác váy cưới đuôi cá này là vũ khí tối thượng giúp cô dâu phô diễn trọn vẹn đường cong chữ S hoàn hảo. Thiết kế trễ vai khéo léo khoe bờ vai thon gọn, kết hợp cùng phần tay dài ôm sát xuyên thấu mang lại vẻ đẹp vừa quyến rũ vừa ý nhị. Toàn bộ thân váy được phủ kín bởi lớp ren Pháp dệt họa tiết hoa nổi 3D tinh xảo, trải dài xuống phần đuôi váy xòe rộng thướt tha. Khi kết hợp cùng khăn voan ren đồng điệu, thiết kế này sẽ biến cô dâu thành một quý cô đài các, kiêu sa và thu hút mọi ánh nhìn trong ngày trọng đại.	4	available
86	Váy cưới công chúa hoàng gia phủ kim sa đính Peplum	15500000	products/493307880_1247381820323696_5907477816715432136_n.jpg	50	Trở thành nữ hoàng lộng lẫy nhất trong ngày trọng đại với thiết kế váy cưới siêu bồng mang đậm khí chất Hoàng gia. Điểm nhấn độc bản của bộ váy là chi tiết peplum (phần vạt bồng xếp nếp hai bên hông) tạo cảm giác vòng eo siêu nhỏ và tăng độ hoành tráng cho phần tùng váy. Toàn bộ thiết kế được phủ kín bằng chất liệu kim sa cao cấp bắt sáng rực rỡ, kết hợp cùng họa tiết ren thêu đính pha lê dọc thân trước tạo nên một tổng thể xa hoa, lộng lẫy không góc chết. Thiết kế cúp ngực trái tim vừa vặn ôm sát vòng một, giúp cô dâu phô diễn trọn vẹn vẻ đẹp kiêu kỳ và quyến rũ.	3	available
87	Váy cưới satin trễ vai đính nơ to bản	6900000	products/493086532_1246645737063971_7331811547453407003_n.jpg	50	Đại diện cho vẻ đẹp tối giản (Minimalism) nhưng không hề đơn điệu, thiết kế váy cưới này là sự giao thoa hoàn hảo giữa nét cổ điển và hơi thở đương đại. Phần cúp ngực trễ vai khoe khéo xương quai xanh thanh tú, được điểm xuyết những dải hoa ren thêu tay tinh tế. Tà váy mang phom dáng chữ A suông rủ tự nhiên, sử dụng kỹ thuật xếp nếp (draping) tỉ mỉ ở vòng eo giúp cô dâu trông thon gọn và cao ráo hơn. Điểm thu hút ánh nhìn mạnh mẽ nhất chính là chiếc nơ bướm to bản được thiết kế 3D nổi bật phía sau lưng, mang lại vẻ ngoài ngọt ngào, nữ tính và cực kỳ sang trọng.	10	available
88	Váy cưới High-low lụa trơn hiện đại	9500000	products/615233458_1482830976741318_7098255296530518049_n.jpg	31	Đột phá khỏi những chuẩn mực truyền thống, mẫu váy cưới mang phom dáng Mullet (High-low) là bản tuyên ngôn cá tính dành cho những cô dâu hiện đại. Thiết kế cúp ngực tinh giản giúp tôn lên bờ vai thon thả, kết hợp cùng chất liệu lụa satin cao cấp mang lại vẻ ngoài bóng bẩy, sang trọng. Điểm nhấn đắt giá nhất chính là tạo hình hoa lụa 3D to bản được xếp nếp thủ công ngay eo, rủ xuống theo tà váy vát xéo giúp khoe khéo đôi chân thon dài và đôi giày cưới lấp lánh. Trọng lượng siêu nhẹ cùng thiết kế vạt trước ngắn giúp cô dâu thoải mái khiêu vũ và di chuyển trong suốt buổi tiệc. Một lựa chọn hoàn hảo cho tiệc tối ngoài trời hoặc khoảnh khắc chào bàn rạng rỡ.	9	available
89	Váy cưới công chúa cúp ngực corset thêu ren hoa	12500000	products/619332899_922163373898283_3215895940895676928_n.jpg	32	Hóa thân thành nàng thơ kiều diễm với thiết kế váy cưới xòe bồng mang đậm chất lãng mạn. Điểm nhấn đắt giá của bộ trang phục nằm ở phần thân trên với cấu trúc corset lộ gọng hiện đại, giúp ôm sát và định hình vòng eo thon gọn, đồng thời tôn lên bờ vai trần mảnh mai cùng xương quai xanh quyến rũ của cô dâu. Tùng váy xòe bồng bềnh được tạo nên từ nhiều lớp voan tơ mềm mại, điểm xuyết những nhành hoa ren thêu nổi trải dài từ eo xuống tận gấu váy tạo hiệu ứng thị giác vô cùng hút mắt. Mẫu váy này là sự lựa chọn hoàn hảo cho những cô nàng yêu thích vẻ đẹp mong manh, trong trẻo nhưng vẫn toát lên sức hút nữ tính khó cưỡng.	5	available
90	Váy cưới Ball Gown tay dài tùng xòe đuôi hoàng gia	14900000	products/619590224_894381399948834_546201880083474120_n.jpg	34	Thiết kế nổi bật với phom dáng Ball Gown kinh điển, sở hữu tùng váy xòe siêu rộng và phần đuôi trải dài hoành tráng, tạo hiệu ứng thị giác mạnh mẽ khi cô dâu bước vào lễ đường. Thân trên được may bằng lớp lưới tay dài xuyên thấu, đính họa tiết ren tinh giản mang lại vẻ đẹp kín đáo, thanh lịch. Toàn bộ tùng váy sử dụng chất liệu voan dệt kim tuyến chìm, giúp váy tự bắt sáng lấp lánh tự nhiên. Điểm chốt hạ của thiết kế là dải ren to bản được viền cẩn thận quanh gấu váy, đồng điệu hoàn toàn với khăn voan đội đầu, tạo nên một tổng thể sang trọng và uy nghi.	1	available
\.


--
-- TOC entry 3978 (class 0 OID 17970)
-- Dependencies: 245
-- Data for Name: store_productimage; Type: TABLE DATA; Schema: public; Owner: postgres
--

COPY public.store_productimage (id, image, product_id) FROM stdin;
1	products/gallery/vay_cuoi_cong_chua_phu_1.jpg	18
2	products/gallery/vay_cuoi_cong_chua_phu_2.jpg	18
10	products/gallery/vay_cuoi_fairy_tale_phu_1.jpg	20
11	products/gallery/vay_cuoi_fairy_tale_phu_2.jpg	20
12	products/gallery/vay_cuoi_fairy_tale_phu_3.jpg	20
13	products/gallery/vay_cuoi_fairy_tale_phu_4.jpg	20
14	products/gallery/vay_cuoi_fairy_tale_phu_5.jpg	20
15	products/gallery/vay_cuoi_lua_trang_phu_1.jpg	19
16	products/gallery/vay_cuoi_ren_duoi_ca_phu_1.jpg	21
17	products/gallery/vay_cuoi_ren_duoi_ca_phu_2.jpg	21
18	products/gallery/vay_cuoi_ren_duoi_ca_phu_3.jpg	21
19	products/gallery/vay_cuoi_ren_duoi_ca_phu_4.jpg	21
23	products/gallery/vay_cuoi_co_yem_phoi_ren_cao_cap_phu_1.jpg	25
24	products/gallery/vay_cuoi_co_yem_phoi_ren_cao_cap_phu_2.jpg	25
25	products/gallery/vay_cuoi_co_yem_phoi_ren_cao_cap_phu_3.jpg	25
26	products/gallery/vay_cuoi-Mullet_dang_ngan_phoi_no_phu_1.jpg	28
27	products/gallery/vay_cuoi-Mullet_dang_ngan_phoi_no_phu_2.jpg	28
28	products/gallery/vay_cuoi-Mullet_dang_ngan_phoi_no_phu_3.jpg	28
29	products/gallery/605649553_122160128930829333_7045263688999798965_n1.jpg	29
30	products/gallery/vay_cuoi_dinh_kim_sa_phu_2.jpg	29
31	products/gallery/vay_duoi_ca_co_tru_phu_1.jpg	30
32	products/gallery/vay_cuoi_voan_tang_phu_1.jpg	31
33	products/gallery/vay_cuoi_voan_tang_phu_2.jpg	31
34	products/gallery/vay_cuoi_voan_tang_phu_3.jpg	31
35	products/gallery/vay_cuoi_dai_xoe_phu_1.jpg	32
36	products/gallery/vay_cuoi_dai_xoe_phu_2.jpg	32
37	products/gallery/vay_cuoi_dai_xoe_phu_3.jpg	32
38	products/gallery/vay_cuoi_dai_xoe_phu_4.jpg	32
39	products/gallery/vay_cong_chua_thue_hoa_tiet_hoang_gia_phu_1.jpg	33
40	products/gallery/vay_cong_chua_thue_hoa_tiet_hoang_gia_phu_2.jpg	33
41	products/gallery/vay_cong_chua_thue_hoa_tiet_hoang_gia_phu_3.jpg	33
42	products/gallery/vay_cong_chua_thue_hoa_tiet_hoang_gia_phu_4.jpg	33
43	products/gallery/541736830_122251674560215044_4582577382115547595_n.jpg	34
44	products/gallery/542670186_122251677644215044_2339750204632564616_n.jpg	34
45	products/gallery/541678898_122251677650215044_2963553761736805237_n.jpg	34
47	products/gallery/514172249_122239888190215044_2666043946396735449_n_jf0WOHD.jpg	36
48	products/gallery/510366595_122239888220215044_4683663363016812340_n.jpg	36
46	products/gallery/508287965_122238102236215044_8873062516998877276_n.jpg	35
49	products/gallery/509079472_122238102230215044_5416848654443038387_n.jpg	35
50	products/gallery/509267970_122238102194215044_7661833287830145506_n.jpg	35
51	products/gallery/623370537_1524853802978722_3155639676395863079_n.jpg	37
52	products/gallery/624169994_1524853792978723_407800763704403717_n.jpg	37
53	products/gallery/625361584_1524853789645390_4778027623274295137_n.jpg	37
54	products/gallery/602413558_1492906736173429_3067541411473215052_n.jpg	39
55	products/gallery/605177228_1492906739506762_1529273165870304682_n.jpg	39
56	products/gallery/536276731_1384433437020760_7006780614203014246_n.jpg	40
57	products/gallery/515438263_1384433427020761_6503134075827787789_n.jpg	40
58	products/gallery/536279691_1384433430354094_1550819201768960830_n.jpg	40
59	products/gallery/622407973_1361066305708426_8356155565408819351_n.jpg	42
60	products/gallery/624474673_1361066329041757_8222409949561617782_n.jpg	42
61	products/gallery/618123804_1353598936455163_3127856437538826324_n.jpg	41
62	products/gallery/616470299_1353598909788499_5175805725150843141_n.jpg	41
63	products/gallery/617103841_1353598933121830_3057530745204160777_n.jpg	41
64	products/gallery/624248933_1359604049187985_5352755939112512476_n.jpg	43
65	products/gallery/621975420_1359604009187989_6037837191289890281_n.jpg	43
66	products/gallery/621803714_1359603992521324_3485255729365497025_n.jpg	43
67	products/gallery/589019482_122147010344647099_936826595683081883_n.jpg	44
68	products/gallery/588665642_122147010356647099_1658645435397441649_n.jpg	44
69	products/gallery/588973623_122147010350647099_1936023662892221555_n.jpg	44
70	products/gallery/603907449_122149201928647099_915346603814253466_n.jpg	45
71	products/gallery/603887831_122149201886647099_7826932042590319425_n.jpg	45
73	products/gallery/590544896_122147234216647099_2926441668640839110_n.jpg	47
74	products/gallery/590468985_122147234222647099_8629228202074699648_n_lHQYiWr.jpg	47
75	products/gallery/610662399_930253419502371_2026838870799573699_n.jpg	48
72	products/gallery/590450096_122147234270647099_6647975162548039448_n.jpg	47
76	products/gallery/611258174_930253362835710_1997298124225248994_n.jpg	48
77	products/gallery/608411022_930253366169043_4429026335153869383_n.jpg	48
81	products/gallery/574940919_879344754593238_8390712682215800061_n.jpg	50
82	products/gallery/574879916_879344734593240_538050419295432991_n.jpg	50
86	products/gallery/577409096_881643214363392_6971803432260140707_n_Ws6bElo.jpg	52
87	products/gallery/577152624_881643294363384_261863650415328440_n.jpg	52
88	products/gallery/577177583_881643327696714_6802120440909539352_n_HPfBskO.jpg	52
89	products/gallery/542167879_811303121561395_5760841694603340211_n.jpg	53
90	products/gallery/542755707_811303118228062_5475339415731174988_n.jpg	53
91	products/gallery/481282995_662936679731374_7592225278371385077_n.jpg	54
92	products/gallery/481072202_662936356398073_3515312516084693563_n.jpg	54
93	products/gallery/480521051_662936683064707_7064231644647233491_n.jpg	54
94	products/gallery/481256093_662931963065179_8289397840879368716_n.jpg	55
95	products/gallery/480485780_662931869731855_6383105544548066465_n.jpg	55
98	products/gallery/621689276_1455153189302474_2478262634603074998_n_OpIKQAg.jpg	57
99	products/gallery/619239625_1455153192635807_4968662066267174599_n_hvkDgb2.jpg	57
96	products/gallery/622148399_1455273365957123_8499391775519125997_n.jpg	56
97	products/gallery/622377128_1455273369290456_8437018031634094038_n.jpg	56
100	products/gallery/619264740_1455280899289703_1854749738516820508_n.jpg	56
101	products/gallery/622390230_1455280869289706_6917415115735749842_n.jpg	58
102	products/gallery/622339460_1455280829289710_4929270416440595535_n.jpg	58
103	products/gallery/621744930_1455280852623041_2157784837132288818_n.jpg	58
104	products/gallery/615877998_1486590859698663_9068411514552066129_n.jpg	59
105	products/gallery/615882815_1486590909698658_9149249518868582618_n.jpg	59
106	products/gallery/616856083_1486590863031996_1536586825758628900_n.jpg	59
107	products/gallery/621570503_1490574132633669_1081135389153453269_n.jpg	60
108	products/gallery/619116858_1490574185966997_2594056595540859407_n.jpg	60
109	products/gallery/616836515_1490574135967002_4917644750864254371_n.jpg	60
110	products/gallery/622566017_1497231201967962_5655136953577839744_n.jpg	61
111	products/gallery/623093005_1497231278634621_8060299549628041212_n.jpg	61
112	products/gallery/624087083_1497231301967952_4052040853141290690_n.jpg	61
113	products/gallery/z7506079676415_c30ecf7d23fa84acac214646263fd0a4.jpg	62
114	products/gallery/z7506079700268_b887a6373f8e7ba049b9056dddc60ea3.jpg	62
115	products/gallery/z7506079712483_f624d07da5af41e3f36a5d1e481764fa.jpg	62
116	products/gallery/z7506079979983_26d09d6acd1977a496ea78fdfe896637.jpg	63
117	products/gallery/z7506080011265_0b314ff6f88b952ef4e7024095e6aa37.jpg	63
118	products/gallery/z7506079997789_48433e834655e717f2a7efe607b63609.jpg	63
119	products/gallery/z7506080590930_831e1b82e5d0eae749fa0c54db7d6681.jpg	64
120	products/gallery/z7506080609259_8761609b50247e50f8c238b22e14a5bd.jpg	64
121	products/gallery/z7506080618257_de4eecc8e736a8329cfe04ce5592d1dc.jpg	64
122	products/gallery/z7506081523916_7f96a2a13b2469be1492b88a35058017.jpg	65
123	products/gallery/z7506081548604_592b4c6c250c21c43e5c5d72d140a249.jpg	65
124	products/gallery/z7506081557632_31dbbc4646526aee029e468784d0be3f.jpg	65
125	products/gallery/z7506082632111_837a238b0a7abcef6e156213e54a0e96.jpg	66
126	products/gallery/z7506082660187_2d5196d248f8515fcd9ba185d42cca00.jpg	66
127	products/gallery/z7506082684787_a0abe528186f04c2de7221ac361817b6.jpg	66
128	products/gallery/z7506773703665_a14e895948a8e0f10ddeac8f8cdefc63.jpg	67
129	products/gallery/z7506773721882_959493440845442f8a5a5e8a68b3af0c.jpg	67
130	products/gallery/z7506773848082_68c0112a82141922861855fbd3778ebf.jpg	67
131	products/gallery/583510127_869738242474130_1082853472077556689_n.jpg	68
132	products/gallery/584098687_869738259140795_2800866294747403069_n.jpg	68
133	products/gallery/554218321_825009106947044_8629673396448591296_n.jpg	69
134	products/gallery/554797031_825009123613709_6644754855636391614_n.jpg	69
135	products/gallery/538263179_797842316330390_6838590338534773808_n.jpg	70
136	products/gallery/539098092_797842339663721_9083303289659676657_n.jpg	70
137	products/gallery/537814026_797842306330391_2965218241746584549_n.jpg	70
138	products/gallery/581926332_859276563334324_5822685229686492349_n.jpg	71
139	products/gallery/581783903_859289643333016_8183244141795548428_n.jpg	71
140	products/gallery/581776711_859289606666353_46825236598027737_n.jpg	71
141	products/gallery/581930237_859276596667654_1953256267049943349_n.jpg	71
142	products/gallery/538598733_792474750014506_8941790081797830279_n.jpg	72
143	products/gallery/539455729_792474743347840_208407320666708925_n.jpg	72
144	products/gallery/506610678_733775975884384_7948507378321352633_n.jpg	73
145	products/gallery/506612497_733775939217721_6506957854904820795_n.jpg	73
146	products/gallery/506005172_733775989217716_3085875720247523623_n.jpg	73
147	products/gallery/506611422_733775925884389_4786741286878365406_n.jpg	73
161	products/gallery/489687459_122205073004136444_4834586179618338523_n.jpg	80
162	products/gallery/489758507_122205073022136444_3697555792353852816_n.jpg	80
163	products/gallery/480005869_122196196556136444_3007515164158985414_n.jpg	81
164	products/gallery/480221598_122196196736136444_3583789850121843803_n.jpg	81
165	products/gallery/475221105_122193331706136444_1866798345230198709_n.jpg	82
166	products/gallery/475308832_122193331646136444_5825442982289802723_n.jpg	82
167	products/gallery/480720500_122198432096136444_4187773670114814707_n.jpg	83
168	products/gallery/480832085_122198431976136444_1403039878313335394_n.jpg	83
169	products/gallery/481000405_122198431970136444_6997773544447184837_n.jpg	83
170	products/gallery/659821314_1530492412012634_760898494369584183_n.jpg	84
171	products/gallery/663114561_1530506578677884_1430555349396428951_n.jpg	84
172	products/gallery/663249365_1530492345345974_2846266919463106056_n.jpg	84
173	products/gallery/498148837_1263701845358360_1318093116180787062_n.jpg	85
174	products/gallery/498166642_1263701832025028_1136542145907779014_n.jpg	85
175	products/gallery/498611729_1263701825358362_2426547735594310858_n.jpg	85
176	products/gallery/492702352_1247381883657023_1622706491422153027_n.jpg	86
177	products/gallery/492775597_1247381816990363_7361547070529447323_n.jpg	86
178	products/gallery/493971389_1247381733657038_963047848782659984_n.jpg	86
179	products/gallery/1492707768_1246645673730644_9065311784443278684_n.jpg	87
180	products/gallery/1492789550_1246645790397299_8000779373262817536_n.jpg	87
181	products/gallery/2614597836_1482830926741323_3893508962089665847_n.jpg	88
182	products/gallery/2615095448_1482831026741313_5534187856870361042_n.jpg	88
183	products/gallery/2615409621_1482831003407982_5306334310154630772_n.jpg	88
184	products/gallery/2615448859_1482830970074652_1916374614539763700_n.jpg	88
185	products/gallery/2621822896_922163177231636_7689666327228032957_n.jpg	89
186	products/gallery/3621323137_922163463898274_8385394965353632402_n.jpg	89
187	products/gallery/3621855720_922163253898295_4104703386326265900_n.jpg	89
188	products/gallery/4619252647_894381363282171_2132202419164519342_n.jpg	90
189	products/gallery/4619657351_894381349948839_3477831059111473449_n.jpg	90
190	products/gallery/4622386914_894381463282161_8982991215768139460_n.jpg	90
191	products/gallery/5663041245_970882175507095_5129311996622726955_n.jpg	91
192	products/gallery/5666058243_970882138840432_7144312127264678043_n.jpg	91
193	products/gallery/5666801555_970882198840426_9005220315243530292_n.jpg	91
194	products/gallery/5667824842_970882218840424_3716733715987112160_n.jpg	91
195	products/gallery/5668240781_970882258840420_8708755910801032588_n.jpg	91
196	products/gallery/7636106525_1250953823800319_8887759423495979257_n.jpg	92
197	products/gallery/7637857688_1250953460467022_6246974650630841991_n.jpg	92
198	products/gallery/7637904372_1250953290467039_8409274236645967233_n.jpg	92
\.


--
-- TOC entry 3972 (class 0 OID 17916)
-- Dependencies: 239
-- Data for Name: store_store; Type: TABLE DATA; Schema: public; Owner: postgres
--

COPY public.store_store (id, name, address, phone, latitude, longitude, image) FROM stdin;
1	Phiêu Studio - Áo cưới	378 Đ. Lũy Bán Bích, Hòa Thạnh, Tân Phú, Thành phố Hồ Chí Minh, Việt Nam	0342498886	10.776380604861505	106.63338661796918	store_images/613180153_1210827091224173_7840998522199911170_n.jpg
5	Helen Bridal	130 Tân Sơn Nhì, Tân Phú, Thành phố Hồ Chí Minh 700000, Việt Nam	0935359365	10.802112980032717	106.63272142288075	store_images/unnamed_2_zK95zyH.jpg
37	Váy cưới Maxi Quỳnh Anh	214 Huỳnh Văn Bánh, Phường 11, Phú Nhuận, Thành phố Hồ Chí Minh 700000, Việt Nam	0865262688	10.792686778154978	106.67754762293558	store_images/657549846_931776095889739_7483882635385671158_n.jpg
2	Kami Anna Studio - Chụp hình cưới đẹp HCM	328A Nguyễn Sơn, Phú Thọ Hoà, Tân Phú, Thành phố Hồ Chí Minh 760000, Việt Nam	0933683127	10.784946539744386	106.62335628646679	store_images/533024666_744238611575977_7417510364166460931_n.jpg
9	MAILOAN Bridal	37 Đ. Trần Hưng Đạo, Tân Thành, Tân Phú, Thành phố Hồ Chí Minh 70000, Việt Nam	0359705752	10.795525398524195	106.6367263903984	store_images/unnamed.jpg
3	Áo Cưới Phương Du(ANITA makeup)	173/15 Khuông Việt, Phú Trung, Tân Phú, Thành phố Hồ Chí Minh 07000, Việt Nam	0909124306	10.775439822587822	106.63898142599315	store_images/unnamed_1.jpg
4	Maison de Orenji Wedding - Bridal	Celadon Boulevard, Đ. Tân Thạnh, phường Tân Sơn Nhì, Tân Phú, Thành phố Hồ Chí Minh 70000, Việt Nam	0932121293	10.805738279560382	106.61323785583215	store_images/594557987_122156084234829333_2690604792142669106_n.jpg
6	Tony Wedding - Chụp ảnh cưới đẹp Tân Phú	19 Đ. Gò Dầu, Tân Sơn Nhì, Tân Phú, Thành phố Hồ Chí Minh 700000, Việt Nam	0938605466	10.796200697395596	106.62844266074345	store_images/unnamed_3.jpg
7	SONO Wedding	202 Lê Trọng Tấn, Tây Thạnh, Tân Phú, Thành phố Hồ Chí Minh, Việt Nam	0902734571	10.807698452314478	106.62524342434399	store_images/481445025_689728890044961_4459745933911767312_n.jpg
8	Sweet's Wedding	465 Đ. Vườn Lài, Phú Thọ Hoà, Tân Phú, Thành phố Hồ Chí Minh, Việt Nam	0938309429	10.789097373276839	106.62284016554959	store_images/unnamed_4.jpg
10	Princess Bridal	25 Đ. Trần Hưng Đạo, Tân Thành, Tân Phú, Thành phố Hồ Chí Minh, Việt Nam	0909865988	10.795525398524195	106.63717058698224	store_images/unnamed_5.jpg
11	Mê váy cưới	122 Đ. Gò Dầu, Tân Quý, Tân Phú, Thành phố Hồ Chí Minh, Việt Nam	0937966525	10.796506326281467	106.62495353820677	store_images/unnamed_6.jpg
12	CiLove Bridal - Váy cưới nhập khẩu chất lượng	32 Đ. Nguyễn Hồng Đào, Phường Tân Bình, Tân Bình, Thành phố Hồ Chí Minh 700000, Việt Nam	0979000640	10.798691866269147	106.64629594999413	store_images/unnamed_7.jpg
13	Tiệm áo cưới Ami	10 Ngô Bệ, Phường Tân Bình, Tân Bình, Thành phố Hồ Chí Minh 72110, Việt Nam	0938808860	10.805227486430034	106.64081632845186	store_images/unnamed_8.jpg
14	Calla Wedding	353/4 Đ. Nguyễn Thái Bình, Phường 12, Tân Bình, Thành phố Hồ Chí Minh 70000, Việt Nam	0932554819	10.797555276401072	106.65206014950279	store_images/unnamed_9.jpg
15	Qwedding	72A Đ. Bạch Đằng, Phường 2, Tân Bình, Thành phố Hồ Chí Minh 700000, Việt Nam	0936013673	10.816356057600705	106.67317449774207	store_images/unnamed_10.jpg
16	Luu bridal	25/1 Giải Phóng, Phường 4, Tân Bình, Thành phố Hồ Chí Minh, Việt Nam	0962024058	10.804384395883892	106.65987074173765	store_images/599429601_122148744044647099_6883836707077822254_n.jpg
17	KHÁNH NGỌC Wedding	439H-439G Đ. Trường Chinh, Phường Tân Bình, Tân Bình, Thành phố Hồ Chí Minh, Việt Nam	0938675099	10.801433560839502	106.63995802307298	store_images/574511239_862091389815901_99819931540820065_n.jpg
18	Son Studio - 331 Cộng Hoà	331 Cộng Hòa, Phường Tân Bình, Tân Bình, Thành phố Hồ Chí Minh, Việt Nam	0973090331	10.804300086713646	106.64424955726795	store_images/622946473_122243149886261861_2140688169222492740_n.jpg
19	Tiệm Váy Cưới HCM	22 Nguyễn Đình Khơi, Ward 4, Tân Bình, Thành phố Hồ Chí Minh, Việt Nam	0931018092	10.796796475762998	106.65635168369778	store_images/472572278_122178127250114221_5266613056613735020_n_T76Lt9W.jpg
20	Áo cưới Omni	1076 Lạc Long Quân, Phường 8, Tân Bình, Thành phố Hồ Chí Minh, Việt Nam	0902858119	10.786931893120903	106.6507726892443	store_images/unnamed_11.jpg
21	Qbridal Studio	295 Phạm Văn Hai, Phường 5, Tân Bình, Thành phố Hồ Chí Minh 72100, Việt Nam	0938830629	10.789940481682573	106.66060251144177	store_images/unnamed_12.jpg
22	Studio áo cưới Hoàng Linh	245 Phạm Văn Hai, Phường 5, Tân Bình, Thành phố Hồ Chí Minh 700000, Việt Nam	0909377230	10.790382786214733	106.66247284495583	store_images/unnamed_13.jpg
23	Ngan Vo Studio	78/17 Đ. Số 12, Phường 11, Gò Vấp, Thành phố Hồ Chí Minh 700000, Việt Nam	0976004488	10.845337754221557	106.66284434182745	store_images/653058411_1374923001344449_706745415086600753_n.jpg
25	2Q Studio - Váy cưới Gò Vấp	125-127 Đ. Phạm Văn Đồng, Phường 3, Gò Vấp, Thành phố Hồ Chí Minh 71409, Việt Nam	0332299893	10.818371101318462	106.68286129958751	store_images/unnamed_14.jpg
26	SoHee Wedding Gò Vấp	Đ. Phan Văn Trị, Phường 5, Gò Vấp, Thành phố Hồ Chí Minh 71400, Việt Nam	0932893579	10.82616284391978	106.69114827741704	store_images/unnamed_15.jpg
27	Mây Wedding (CN Gò Vấp)	174 Đ. Nguyễn Thái Sơn, Phường 1, Gò Vấp, Thành phố Hồ Chí Minh 71408, Việt Nam	0903152946	10.820444572469247	106.68417126930532	store_images/626833981_916387190910980_2117732907268546491_n.jpg
29	Công ty Áo Cưới Thiên Đường	124 Hồ Văn Huê, Phường 9, Phú Nhuận, Thành phố Hồ Chí Minh 700000, Việt Nam	0903170029	10.803483011218818	106.67665600670256	store_images/480820486_3894018114243233_3579038937509973509_n.jpg
31	Ahihi Studio	170 Hồ Văn Huê, Phường 9, Phú Nhuận, Thành phố Hồ Chí Minh 72216, Việt Nam	0978880150	10.80377942199094	106.67788306200367	store_images/543102345_1375496714141412_4657642513417632423_n.jpg
30	REN Bridal	130 Hồ Văn Huê, Phường 9, Phú Nhuận, Thành phố Hồ Chí Minh 700000, Việt Nam	0946322222	10.802941063090682	106.67687896102345	store_images/656748441_1500583734759419_8520120557552376232_n_3gs8r6K.jpg
33	Kim Couture	143 Hồ Văn Huê, Phường 9, Phú Nhuận, Thành phố Hồ Chí Minh 700000, Việt Nam	0921320666	10.805491984051963	106.6779117888592	store_images/557874688_1140724961489873_1911776681004132386_n.jpg
34	Bridal Corner Studio	57-59 Nguyễn Trọng Tuyển, Phường 5, Phú Nhuận, Thành phố Hồ Chí Minh 72200, Việt Nam	0902902490	10.79739557302552	106.67944977130365	store_images/495025750_682543514465958_1673315076598383640_n.jpg
36	IDY WEDDING	24 Đ. Hoa Cúc, Phường 7, Phú Nhuận, Thành phố Hồ Chí Minh 700000, Việt Nam	0938330448	10.799763945471117	106.68771314833786	store_images/480758581_1019792210197356_7274400707297504598_n_SbQIwOh.jpg
39	Omni Bridal (Chi Nhánh 2)	293 Huỳnh Văn Bánh, Phường 11, Phú Nhuận, Thành phố Hồ Chí Minh, Việt Nam	0909359983	10.792533627092315	106.67765300242863	store_images/unnamed_17.jpg
46	Mai's Choice Wedding	3A Cư xá, Phan Đăng Lưu, Phường 1, Bình Thạnh, Thành phố Hồ Chí Minh 700000, Việt Nam	0988475225	10.803524329437801	106.69593762349173	store_images/5.jpg
24	Áo cưới Queen Studio	693 Nguyễn Kiệm, Phường 3, Gò Vấp, Thành phố Hồ Chí Minh, Việt Nam	0975720902	10.818300025136988	106.67985974075893	store_images/576366837_1250039733817751_5095847178975560011_n.jpg
28	Áo cưới the view	68 Hồ Văn Huê, Phường 9, Phú Nhuận, Thành phố Hồ Chí Minh 725060, Việt Nam	0888266922	10.801796818253827	106.67566895383773	store_images/557787666_1398316312299795_6713398575265133768_n.jpg
32	CEM Bridal Studio	123 Hồ Văn Huê, P.9, Phú Nhuận, Thành phố Hồ Chí Minh 70000, Việt Nam	0916355885	10.804903740974499	106.67784409156158	store_images/615838795_912298791551408_6211408862364561282_n.png
35	Hanah Bridal	140 Đ. Trần Huy Liệu, Phường 15, Phú Nhuận, Thành phố Hồ Chí Minh, Việt Nam	0932611369	10.798037824534566	106.67895653286979	store_images/549735968_813984594530188_5199904354589555664_n.jpg
38	Cho thuê váy cưới - Lemi Bridal	525/66 Huỳnh Văn Bánh, Phường 13, Phú Nhuận, Thành phố Hồ Chí Minh 700000, Việt Nam	0937362462	10.79237504065705	106.67166521714995	store_images/unnamed_16.jpg
40	Phat Pro Studio	137 Hồ Văn Huê, Phường 9, Phú Nhuận, Thành phố Hồ Chí Minh 700000, Việt Nam	0981735554	10.805551219400925	106.6778671917617	store_images/484007464_3859218514390210_6228076298015300801_n.jpg
41	Bao Ny Nguyen Bridal	348/2 Đ. Ung Văn Khiêm, Phường 25, Bình Thạnh, Thành phố Hồ Chí Minh, Việt Nam	0785583579	10.80468854348474	106.72229866414983	store_images/621833877_1320232276814781_8281775156978618737_n_65k10gd.jpg
42	Sansan Bridal	2M Đinh Bộ Lĩnh, Phường 2, Bình Thạnh, Thành phố Hồ Chí Minh 70000, Việt Nam	0388779888	10.805194397496596	106.7080507706225	store_images/612168899_1287045046787353_1067796028047077644_n.png
43	Váy Cưới C.H.I Bridal	354/76 Đ. Phan Văn Trị, Phường 11, Bình Thạnh, Thành phố Hồ Chí Minh, Việt Nam	0902346198	10.823741789009865	106.69689278171558	store_images/1.jpg
50	Áo Cưới Kathy	501b Huỳnh Tấn Phát, Tân Thuận Đông, Quận 7, Thành phố Hồ Chí Minh, Việt Nam	093 885 50 35	10.745314430949346	106.73226127945296	store_images/2.jpg
49	MARIE BRIDAL	82 Đ. Tân Mỹ, Tân Phú, Quận 7, Thành phố Hồ Chí Minh 700000, Việt Nam	0974732175	10.738649744281355	106.71772501088455	store_images/3.jpg
48	Váy cưới Luciola Bridal	243a Đ. Nguyễn Thượng Hiền, Phường 5, Bình Thạnh, Thành phố Hồ Chí Minh 700000, Việt Nam	0903026023	10.80734014211879	106.6877745727603	store_images/unnamed_19.jpg
47	Nhiên Bridal	110E Đinh Tiên Hoàng, Phường 1, Bình Thạnh, Thành phố Hồ Chí Minh 70000, Việt Nam	0977875565	10.799187695355199	106.69660944890192	store_images/4.jpg
\.


--
-- TOC entry 3984 (class 0 OID 0)
-- Dependencies: 225
-- Name: auth_group_id_seq; Type: SEQUENCE SET; Schema: public; Owner: postgres
--

SELECT pg_catalog.setval('public.auth_group_id_seq', 1, false);


--
-- TOC entry 3985 (class 0 OID 0)
-- Dependencies: 227
-- Name: auth_group_permissions_id_seq; Type: SEQUENCE SET; Schema: public; Owner: postgres
--

SELECT pg_catalog.setval('public.auth_group_permissions_id_seq', 1, false);


--
-- TOC entry 3986 (class 0 OID 0)
-- Dependencies: 223
-- Name: auth_permission_id_seq; Type: SEQUENCE SET; Schema: public; Owner: postgres
--

SELECT pg_catalog.setval('public.auth_permission_id_seq', 40, true);


--
-- TOC entry 3987 (class 0 OID 0)
-- Dependencies: 231
-- Name: auth_user_groups_id_seq; Type: SEQUENCE SET; Schema: public; Owner: postgres
--

SELECT pg_catalog.setval('public.auth_user_groups_id_seq', 1, false);


--
-- TOC entry 3988 (class 0 OID 0)
-- Dependencies: 229
-- Name: auth_user_id_seq; Type: SEQUENCE SET; Schema: public; Owner: postgres
--

SELECT pg_catalog.setval('public.auth_user_id_seq', 6, true);


--
-- TOC entry 3989 (class 0 OID 0)
-- Dependencies: 233
-- Name: auth_user_user_permissions_id_seq; Type: SEQUENCE SET; Schema: public; Owner: postgres
--

SELECT pg_catalog.setval('public.auth_user_user_permissions_id_seq', 1, false);


--
-- TOC entry 3990 (class 0 OID 0)
-- Dependencies: 235
-- Name: django_admin_log_id_seq; Type: SEQUENCE SET; Schema: public; Owner: postgres
--

SELECT pg_catalog.setval('public.django_admin_log_id_seq', 194, true);


--
-- TOC entry 3991 (class 0 OID 0)
-- Dependencies: 221
-- Name: django_content_type_id_seq; Type: SEQUENCE SET; Schema: public; Owner: postgres
--

SELECT pg_catalog.setval('public.django_content_type_id_seq', 10, true);


--
-- TOC entry 3992 (class 0 OID 0)
-- Dependencies: 219
-- Name: django_migrations_id_seq; Type: SEQUENCE SET; Schema: public; Owner: postgres
--

SELECT pg_catalog.setval('public.django_migrations_id_seq', 25, true);


--
-- TOC entry 3993 (class 0 OID 0)
-- Dependencies: 242
-- Name: store_booking_id_seq; Type: SEQUENCE SET; Schema: public; Owner: postgres
--

SELECT pg_catalog.setval('public.store_booking_id_seq', 11, true);


--
-- TOC entry 3994 (class 0 OID 0)
-- Dependencies: 240
-- Name: store_product_id_seq; Type: SEQUENCE SET; Schema: public; Owner: postgres
--

SELECT pg_catalog.setval('public.store_product_id_seq', 92, true);


--
-- TOC entry 3995 (class 0 OID 0)
-- Dependencies: 244
-- Name: store_productimage_id_seq; Type: SEQUENCE SET; Schema: public; Owner: postgres
--

SELECT pg_catalog.setval('public.store_productimage_id_seq', 198, true);


--
-- TOC entry 3996 (class 0 OID 0)
-- Dependencies: 238
-- Name: store_store_id_seq; Type: SEQUENCE SET; Schema: public; Owner: postgres
--

SELECT pg_catalog.setval('public.store_store_id_seq', 54, true);


--
-- TOC entry 3748 (class 2606 OID 17899)
-- Name: auth_group auth_group_name_key; Type: CONSTRAINT; Schema: public; Owner: postgres
--

ALTER TABLE ONLY public.auth_group
    ADD CONSTRAINT auth_group_name_key UNIQUE (name);


--
-- TOC entry 3753 (class 2606 OID 17820)
-- Name: auth_group_permissions auth_group_permissions_group_id_permission_id_0cd325b0_uniq; Type: CONSTRAINT; Schema: public; Owner: postgres
--

ALTER TABLE ONLY public.auth_group_permissions
    ADD CONSTRAINT auth_group_permissions_group_id_permission_id_0cd325b0_uniq UNIQUE (group_id, permission_id);


--
-- TOC entry 3756 (class 2606 OID 17772)
-- Name: auth_group_permissions auth_group_permissions_pkey; Type: CONSTRAINT; Schema: public; Owner: postgres
--

ALTER TABLE ONLY public.auth_group_permissions
    ADD CONSTRAINT auth_group_permissions_pkey PRIMARY KEY (id);


--
-- TOC entry 3750 (class 2606 OID 17761)
-- Name: auth_group auth_group_pkey; Type: CONSTRAINT; Schema: public; Owner: postgres
--

ALTER TABLE ONLY public.auth_group
    ADD CONSTRAINT auth_group_pkey PRIMARY KEY (id);


--
-- TOC entry 3743 (class 2606 OID 17811)
-- Name: auth_permission auth_permission_content_type_id_codename_01ab375a_uniq; Type: CONSTRAINT; Schema: public; Owner: postgres
--

ALTER TABLE ONLY public.auth_permission
    ADD CONSTRAINT auth_permission_content_type_id_codename_01ab375a_uniq UNIQUE (content_type_id, codename);


--
-- TOC entry 3745 (class 2606 OID 17753)
-- Name: auth_permission auth_permission_pkey; Type: CONSTRAINT; Schema: public; Owner: postgres
--

ALTER TABLE ONLY public.auth_permission
    ADD CONSTRAINT auth_permission_pkey PRIMARY KEY (id);


--
-- TOC entry 3764 (class 2606 OID 17800)
-- Name: auth_user_groups auth_user_groups_pkey; Type: CONSTRAINT; Schema: public; Owner: postgres
--

ALTER TABLE ONLY public.auth_user_groups
    ADD CONSTRAINT auth_user_groups_pkey PRIMARY KEY (id);


--
-- TOC entry 3767 (class 2606 OID 17835)
-- Name: auth_user_groups auth_user_groups_user_id_group_id_94350c0c_uniq; Type: CONSTRAINT; Schema: public; Owner: postgres
--

ALTER TABLE ONLY public.auth_user_groups
    ADD CONSTRAINT auth_user_groups_user_id_group_id_94350c0c_uniq UNIQUE (user_id, group_id);


--
-- TOC entry 3758 (class 2606 OID 17789)
-- Name: auth_user auth_user_pkey; Type: CONSTRAINT; Schema: public; Owner: postgres
--

ALTER TABLE ONLY public.auth_user
    ADD CONSTRAINT auth_user_pkey PRIMARY KEY (id);


--
-- TOC entry 3770 (class 2606 OID 17809)
-- Name: auth_user_user_permissions auth_user_user_permissions_pkey; Type: CONSTRAINT; Schema: public; Owner: postgres
--

ALTER TABLE ONLY public.auth_user_user_permissions
    ADD CONSTRAINT auth_user_user_permissions_pkey PRIMARY KEY (id);


--
-- TOC entry 3773 (class 2606 OID 17849)
-- Name: auth_user_user_permissions auth_user_user_permissions_user_id_permission_id_14a6b632_uniq; Type: CONSTRAINT; Schema: public; Owner: postgres
--

ALTER TABLE ONLY public.auth_user_user_permissions
    ADD CONSTRAINT auth_user_user_permissions_user_id_permission_id_14a6b632_uniq UNIQUE (user_id, permission_id);


--
-- TOC entry 3761 (class 2606 OID 17892)
-- Name: auth_user auth_user_username_key; Type: CONSTRAINT; Schema: public; Owner: postgres
--

ALTER TABLE ONLY public.auth_user
    ADD CONSTRAINT auth_user_username_key UNIQUE (username);


--
-- TOC entry 3776 (class 2606 OID 17876)
-- Name: django_admin_log django_admin_log_pkey; Type: CONSTRAINT; Schema: public; Owner: postgres
--

ALTER TABLE ONLY public.django_admin_log
    ADD CONSTRAINT django_admin_log_pkey PRIMARY KEY (id);


--
-- TOC entry 3738 (class 2606 OID 17743)
-- Name: django_content_type django_content_type_app_label_model_76bd3d3b_uniq; Type: CONSTRAINT; Schema: public; Owner: postgres
--

ALTER TABLE ONLY public.django_content_type
    ADD CONSTRAINT django_content_type_app_label_model_76bd3d3b_uniq UNIQUE (app_label, model);


--
-- TOC entry 3740 (class 2606 OID 17741)
-- Name: django_content_type django_content_type_pkey; Type: CONSTRAINT; Schema: public; Owner: postgres
--

ALTER TABLE ONLY public.django_content_type
    ADD CONSTRAINT django_content_type_pkey PRIMARY KEY (id);


--
-- TOC entry 3736 (class 2606 OID 17731)
-- Name: django_migrations django_migrations_pkey; Type: CONSTRAINT; Schema: public; Owner: postgres
--

ALTER TABLE ONLY public.django_migrations
    ADD CONSTRAINT django_migrations_pkey PRIMARY KEY (id);


--
-- TOC entry 3780 (class 2606 OID 17912)
-- Name: django_session django_session_pkey; Type: CONSTRAINT; Schema: public; Owner: postgres
--

ALTER TABLE ONLY public.django_session
    ADD CONSTRAINT django_session_pkey PRIMARY KEY (session_key);


--
-- TOC entry 3788 (class 2606 OID 17959)
-- Name: store_booking store_booking_pkey; Type: CONSTRAINT; Schema: public; Owner: postgres
--

ALTER TABLE ONLY public.store_booking
    ADD CONSTRAINT store_booking_pkey PRIMARY KEY (id);


--
-- TOC entry 3785 (class 2606 OID 17938)
-- Name: store_product store_product_pkey; Type: CONSTRAINT; Schema: public; Owner: postgres
--

ALTER TABLE ONLY public.store_product
    ADD CONSTRAINT store_product_pkey PRIMARY KEY (id);


--
-- TOC entry 3791 (class 2606 OID 17977)
-- Name: store_productimage store_productimage_pkey; Type: CONSTRAINT; Schema: public; Owner: postgres
--

ALTER TABLE ONLY public.store_productimage
    ADD CONSTRAINT store_productimage_pkey PRIMARY KEY (id);


--
-- TOC entry 3783 (class 2606 OID 17928)
-- Name: store_store store_store_pkey; Type: CONSTRAINT; Schema: public; Owner: postgres
--

ALTER TABLE ONLY public.store_store
    ADD CONSTRAINT store_store_pkey PRIMARY KEY (id);


--
-- TOC entry 3746 (class 1259 OID 17900)
-- Name: auth_group_name_a6ea08ec_like; Type: INDEX; Schema: public; Owner: postgres
--

CREATE INDEX auth_group_name_a6ea08ec_like ON public.auth_group USING btree (name varchar_pattern_ops);


--
-- TOC entry 3751 (class 1259 OID 17831)
-- Name: auth_group_permissions_group_id_b120cbf9; Type: INDEX; Schema: public; Owner: postgres
--

CREATE INDEX auth_group_permissions_group_id_b120cbf9 ON public.auth_group_permissions USING btree (group_id);


--
-- TOC entry 3754 (class 1259 OID 17832)
-- Name: auth_group_permissions_permission_id_84c5c92e; Type: INDEX; Schema: public; Owner: postgres
--

CREATE INDEX auth_group_permissions_permission_id_84c5c92e ON public.auth_group_permissions USING btree (permission_id);


--
-- TOC entry 3741 (class 1259 OID 17817)
-- Name: auth_permission_content_type_id_2f476e4b; Type: INDEX; Schema: public; Owner: postgres
--

CREATE INDEX auth_permission_content_type_id_2f476e4b ON public.auth_permission USING btree (content_type_id);


--
-- TOC entry 3762 (class 1259 OID 17847)
-- Name: auth_user_groups_group_id_97559544; Type: INDEX; Schema: public; Owner: postgres
--

CREATE INDEX auth_user_groups_group_id_97559544 ON public.auth_user_groups USING btree (group_id);


--
-- TOC entry 3765 (class 1259 OID 17846)
-- Name: auth_user_groups_user_id_6a12ed8b; Type: INDEX; Schema: public; Owner: postgres
--

CREATE INDEX auth_user_groups_user_id_6a12ed8b ON public.auth_user_groups USING btree (user_id);


--
-- TOC entry 3768 (class 1259 OID 17861)
-- Name: auth_user_user_permissions_permission_id_1fbb5f2c; Type: INDEX; Schema: public; Owner: postgres
--

CREATE INDEX auth_user_user_permissions_permission_id_1fbb5f2c ON public.auth_user_user_permissions USING btree (permission_id);


--
-- TOC entry 3771 (class 1259 OID 17860)
-- Name: auth_user_user_permissions_user_id_a95ead1b; Type: INDEX; Schema: public; Owner: postgres
--

CREATE INDEX auth_user_user_permissions_user_id_a95ead1b ON public.auth_user_user_permissions USING btree (user_id);


--
-- TOC entry 3759 (class 1259 OID 17893)
-- Name: auth_user_username_6821ab7c_like; Type: INDEX; Schema: public; Owner: postgres
--

CREATE INDEX auth_user_username_6821ab7c_like ON public.auth_user USING btree (username varchar_pattern_ops);


--
-- TOC entry 3774 (class 1259 OID 17887)
-- Name: django_admin_log_content_type_id_c4bce8eb; Type: INDEX; Schema: public; Owner: postgres
--

CREATE INDEX django_admin_log_content_type_id_c4bce8eb ON public.django_admin_log USING btree (content_type_id);


--
-- TOC entry 3777 (class 1259 OID 17888)
-- Name: django_admin_log_user_id_c564eba6; Type: INDEX; Schema: public; Owner: postgres
--

CREATE INDEX django_admin_log_user_id_c564eba6 ON public.django_admin_log USING btree (user_id);


--
-- TOC entry 3778 (class 1259 OID 17914)
-- Name: django_session_expire_date_a5c62663; Type: INDEX; Schema: public; Owner: postgres
--

CREATE INDEX django_session_expire_date_a5c62663 ON public.django_session USING btree (expire_date);


--
-- TOC entry 3781 (class 1259 OID 17913)
-- Name: django_session_session_key_c0390e0f_like; Type: INDEX; Schema: public; Owner: postgres
--

CREATE INDEX django_session_session_key_c0390e0f_like ON public.django_session USING btree (session_key varchar_pattern_ops);


--
-- TOC entry 3789 (class 1259 OID 17965)
-- Name: store_booking_product_id_6abc96e2; Type: INDEX; Schema: public; Owner: postgres
--

CREATE INDEX store_booking_product_id_6abc96e2 ON public.store_booking USING btree (product_id);


--
-- TOC entry 3786 (class 1259 OID 17944)
-- Name: store_product_store_id_9bf44fe8; Type: INDEX; Schema: public; Owner: postgres
--

CREATE INDEX store_product_store_id_9bf44fe8 ON public.store_product USING btree (store_id);


--
-- TOC entry 3792 (class 1259 OID 17983)
-- Name: store_productimage_product_id_e50e4046; Type: INDEX; Schema: public; Owner: postgres
--

CREATE INDEX store_productimage_product_id_e50e4046 ON public.store_productimage USING btree (product_id);


--
-- TOC entry 3794 (class 2606 OID 17826)
-- Name: auth_group_permissions auth_group_permissio_permission_id_84c5c92e_fk_auth_perm; Type: FK CONSTRAINT; Schema: public; Owner: postgres
--

ALTER TABLE ONLY public.auth_group_permissions
    ADD CONSTRAINT auth_group_permissio_permission_id_84c5c92e_fk_auth_perm FOREIGN KEY (permission_id) REFERENCES public.auth_permission(id) DEFERRABLE INITIALLY DEFERRED;


--
-- TOC entry 3795 (class 2606 OID 17821)
-- Name: auth_group_permissions auth_group_permissions_group_id_b120cbf9_fk_auth_group_id; Type: FK CONSTRAINT; Schema: public; Owner: postgres
--

ALTER TABLE ONLY public.auth_group_permissions
    ADD CONSTRAINT auth_group_permissions_group_id_b120cbf9_fk_auth_group_id FOREIGN KEY (group_id) REFERENCES public.auth_group(id) DEFERRABLE INITIALLY DEFERRED;


--
-- TOC entry 3793 (class 2606 OID 17812)
-- Name: auth_permission auth_permission_content_type_id_2f476e4b_fk_django_co; Type: FK CONSTRAINT; Schema: public; Owner: postgres
--

ALTER TABLE ONLY public.auth_permission
    ADD CONSTRAINT auth_permission_content_type_id_2f476e4b_fk_django_co FOREIGN KEY (content_type_id) REFERENCES public.django_content_type(id) DEFERRABLE INITIALLY DEFERRED;


--
-- TOC entry 3796 (class 2606 OID 17841)
-- Name: auth_user_groups auth_user_groups_group_id_97559544_fk_auth_group_id; Type: FK CONSTRAINT; Schema: public; Owner: postgres
--

ALTER TABLE ONLY public.auth_user_groups
    ADD CONSTRAINT auth_user_groups_group_id_97559544_fk_auth_group_id FOREIGN KEY (group_id) REFERENCES public.auth_group(id) DEFERRABLE INITIALLY DEFERRED;


--
-- TOC entry 3797 (class 2606 OID 17836)
-- Name: auth_user_groups auth_user_groups_user_id_6a12ed8b_fk_auth_user_id; Type: FK CONSTRAINT; Schema: public; Owner: postgres
--

ALTER TABLE ONLY public.auth_user_groups
    ADD CONSTRAINT auth_user_groups_user_id_6a12ed8b_fk_auth_user_id FOREIGN KEY (user_id) REFERENCES public.auth_user(id) DEFERRABLE INITIALLY DEFERRED;


--
-- TOC entry 3798 (class 2606 OID 17855)
-- Name: auth_user_user_permissions auth_user_user_permi_permission_id_1fbb5f2c_fk_auth_perm; Type: FK CONSTRAINT; Schema: public; Owner: postgres
--

ALTER TABLE ONLY public.auth_user_user_permissions
    ADD CONSTRAINT auth_user_user_permi_permission_id_1fbb5f2c_fk_auth_perm FOREIGN KEY (permission_id) REFERENCES public.auth_permission(id) DEFERRABLE INITIALLY DEFERRED;


--
-- TOC entry 3799 (class 2606 OID 17850)
-- Name: auth_user_user_permissions auth_user_user_permissions_user_id_a95ead1b_fk_auth_user_id; Type: FK CONSTRAINT; Schema: public; Owner: postgres
--

ALTER TABLE ONLY public.auth_user_user_permissions
    ADD CONSTRAINT auth_user_user_permissions_user_id_a95ead1b_fk_auth_user_id FOREIGN KEY (user_id) REFERENCES public.auth_user(id) DEFERRABLE INITIALLY DEFERRED;


--
-- TOC entry 3800 (class 2606 OID 17877)
-- Name: django_admin_log django_admin_log_content_type_id_c4bce8eb_fk_django_co; Type: FK CONSTRAINT; Schema: public; Owner: postgres
--

ALTER TABLE ONLY public.django_admin_log
    ADD CONSTRAINT django_admin_log_content_type_id_c4bce8eb_fk_django_co FOREIGN KEY (content_type_id) REFERENCES public.django_content_type(id) DEFERRABLE INITIALLY DEFERRED;


--
-- TOC entry 3801 (class 2606 OID 17882)
-- Name: django_admin_log django_admin_log_user_id_c564eba6_fk_auth_user_id; Type: FK CONSTRAINT; Schema: public; Owner: postgres
--

ALTER TABLE ONLY public.django_admin_log
    ADD CONSTRAINT django_admin_log_user_id_c564eba6_fk_auth_user_id FOREIGN KEY (user_id) REFERENCES public.auth_user(id) DEFERRABLE INITIALLY DEFERRED;


--
-- TOC entry 3803 (class 2606 OID 17960)
-- Name: store_booking store_booking_product_id_6abc96e2_fk_store_product_id; Type: FK CONSTRAINT; Schema: public; Owner: postgres
--

ALTER TABLE ONLY public.store_booking
    ADD CONSTRAINT store_booking_product_id_6abc96e2_fk_store_product_id FOREIGN KEY (product_id) REFERENCES public.store_product(id) DEFERRABLE INITIALLY DEFERRED;


--
-- TOC entry 3802 (class 2606 OID 17939)
-- Name: store_product store_product_store_id_9bf44fe8_fk_store_store_id; Type: FK CONSTRAINT; Schema: public; Owner: postgres
--

ALTER TABLE ONLY public.store_product
    ADD CONSTRAINT store_product_store_id_9bf44fe8_fk_store_store_id FOREIGN KEY (store_id) REFERENCES public.store_store(id) DEFERRABLE INITIALLY DEFERRED;


--
-- TOC entry 3804 (class 2606 OID 17978)
-- Name: store_productimage store_productimage_product_id_e50e4046_fk_store_product_id; Type: FK CONSTRAINT; Schema: public; Owner: postgres
--

ALTER TABLE ONLY public.store_productimage
    ADD CONSTRAINT store_productimage_product_id_e50e4046_fk_store_product_id FOREIGN KEY (product_id) REFERENCES public.store_product(id) DEFERRABLE INITIALLY DEFERRED;


-- Completed on 2026-04-18 15:30:52 +07

--
-- PostgreSQL database dump complete
--

\unrestrict BnXyCILSjRhaB87Y6GPXbSk0chwBAgDEx0aQJN21mxqsy7ItH8cs83eYqCENXAi

